fecha_cita,tramo,n_citas,dia_semana,nombre_dia,es_finde,mes,anio,semana_iso
2024-05-09,mañana,0,3,Thursday,False,5,2024,19
2024-05-09,tarde,3,3,Thursday,False,5,2024,19
2024-05-10,mañana,1,4,Friday,False,5,2024,19
2024-05-10,tarde,2,4,Friday,False,5,2024,19
2024-05-11,mañana,2,5,Saturday,True,5,2024,19
2024-05-11,tarde,1,5,Saturday,True,5,2024,19
2024-05-12,mañana,1,6,Sunday,True,5,2024,19
2024-05-12,tarde,0,6,Sunday,True,5,2024,19
2024-05-13,mañana,0,0,Monday,False,5,2024,20
2024-05-13,tarde,1,0,Monday,False,5,2024,20
2024-05-14,mañana,0,1,Tuesday,False,5,2024,20
2024-05-14,tarde,1,1,Tuesday,False,5,2024,20
2024-05-15,mañana,1,2,Wednesday,False,5,2024,20
2024-05-15,tarde,2,2,Wednesday,False,5,2024,20
2024-05-16,mañana,0,3,Thursday,False,5,2024,20
2024-05-16,tarde,2,3,Thursday,False,5,2024,20
2024-05-17,mañana,0,4,Friday,False,5,2024,20
2024-05-17,tarde,4,4,Friday,False,5,2024,20
2024-05-18,mañana,1,5,Saturday,True,5,2024,20
2024-05-18,tarde,1,5,Saturday,True,5,2024,20
2024-05-19,mañana,1,6,Sunday,True,5,2024,20
2024-05-19,tarde,1,6,Sunday,True,5,2024,20
2024-05-20,mañana,2,0,Monday,False,5,2024,21
2024-05-20,tarde,1,0,Monday,False,5,2024,21
2024-05-21,mañana,0,1,Tuesday,False,5,2024,21
2024-05-21,tarde,1,1,Tuesday,False,5,2024,21
2024-05-22,mañana,0,2,Wednesday,False,5,2024,21
2024-05-22,tarde,0,2,Wednesday,False,5,2024,21
2024-05-23,mañana,2,3,Thursday,False,5,2024,21
2024-05-23,tarde,1,3,Thursday,False,5,2024,21
2024-05-24,mañana,2,4,Friday,False,5,2024,21
2024-05-24,tarde,2,4,Friday,False,5,2024,21
2024-05-25,mañana,2,5,Saturday,True,5,2024,21
2024-05-25,tarde,4,5,Saturday,True,5,2024,21
2024-05-26,mañana,0,6,Sunday,True,5,2024,21
2024-05-26,tarde,2,6,Sunday,True,5,2024,21
2024-05-27,mañana,0,0,Monday,False,5,2024,22
2024-05-27,tarde,2,0,Monday,False,5,2024,22
2024-05-28,mañana,0,1,Tuesday,False,5,2024,22
2024-05-28,tarde,0,1,Tuesday,False,5,2024,22
2024-05-29,mañana,0,2,Wednesday,False,5,2024,22
2024-05-29,tarde,1,2,Wednesday,False,5,2024,22
2024-05-30,mañana,1,3,Thursday,False,5,2024,22
2024-05-30,tarde,1,3,Thursday,False,5,2024,22
2024-05-31,mañana,0,4,Friday,False,5,2024,22
2024-05-31,tarde,3,4,Friday,False,5,2024,22
2024-06-01,mañana,0,5,Saturday,True,6,2024,22
2024-06-01,tarde,3,5,Saturday,True,6,2024,22
2024-06-02,mañana,4,6,Sunday,True,6,2024,22
2024-06-02,tarde,2,6,Sunday,True,6,2024,22
2024-06-03,mañana,1,0,Monday,False,6,2024,23
2024-06-03,tarde,1,0,Monday,False,6,2024,23
2024-06-04,mañana,0,1,Tuesday,False,6,2024,23
2024-06-04,tarde,2,1,Tuesday,False,6,2024,23
2024-06-05,mañana,1,2,Wednesday,False,6,2024,23
2024-06-05,tarde,2,2,Wednesday,False,6,2024,23
2024-06-06,mañana,0,3,Thursday,False,6,2024,23
2024-06-06,tarde,2,3,Thursday,False,6,2024,23
2024-06-07,mañana,0,4,Friday,False,6,2024,23
2024-06-07,tarde,4,4,Friday,False,6,2024,23
2024-06-08,mañana,0,5,Saturday,True,6,2024,23
2024-06-08,tarde,5,5,Saturday,True,6,2024,23
2024-06-09,mañana,1,6,Sunday,True,6,2024,23
2024-06-09,tarde,3,6,Sunday,True,6,2024,23
2024-06-10,mañana,1,0,Monday,False,6,2024,24
2024-06-10,tarde,1,0,Monday,False,6,2024,24
2024-06-11,mañana,3,1,Tuesday,False,6,2024,24
2024-06-11,tarde,1,1,Tuesday,False,6,2024,24
2024-06-12,mañana,1,2,Wednesday,False,6,2024,24
2024-06-12,tarde,1,2,Wednesday,False,6,2024,24
2024-06-13,mañana,1,3,Thursday,False,6,2024,24
2024-06-13,tarde,2,3,Thursday,False,6,2024,24
2024-06-14,mañana,0,4,Friday,False,6,2024,24
2024-06-14,tarde,4,4,Friday,False,6,2024,24
2024-06-15,mañana,0,5,Saturday,True,6,2024,24
2024-06-15,tarde,2,5,Saturday,True,6,2024,24
2024-06-16,mañana,1,6,Sunday,True,6,2024,24
2024-06-16,tarde,1,6,Sunday,True,6,2024,24
2024-06-17,mañana,0,0,Monday,False,6,2024,25
2024-06-17,tarde,2,0,Monday,False,6,2024,25
2024-06-18,mañana,2,1,Tuesday,False,6,2024,25
2024-06-18,tarde,2,1,Tuesday,False,6,2024,25
2024-06-19,mañana,0,2,Wednesday,False,6,2024,25
2024-06-19,tarde,3,2,Wednesday,False,6,2024,25
2024-06-20,mañana,0,3,Thursday,False,6,2024,25
2024-06-20,tarde,1,3,Thursday,False,6,2024,25
2024-06-21,mañana,2,4,Friday,False,6,2024,25
2024-06-21,tarde,2,4,Friday,False,6,2024,25
2024-06-22,mañana,0,5,Saturday,True,6,2024,25
2024-06-22,tarde,6,5,Saturday,True,6,2024,25
2024-06-23,mañana,0,6,Sunday,True,6,2024,25
2024-06-23,tarde,0,6,Sunday,True,6,2024,25
2024-06-24,mañana,0,0,Monday,False,6,2024,26
2024-06-24,tarde,2,0,Monday,False,6,2024,26
2024-06-25,mañana,0,1,Tuesday,False,6,2024,26
2024-06-25,tarde,2,1,Tuesday,False,6,2024,26
2024-06-26,mañana,1,2,Wednesday,False,6,2024,26
2024-06-26,tarde,2,2,Wednesday,False,6,2024,26
2024-06-27,mañana,1,3,Thursday,False,6,2024,26
2024-06-27,tarde,4,3,Thursday,False,6,2024,26
2024-06-28,mañana,1,4,Friday,False,6,2024,26
2024-06-28,tarde,4,4,Friday,False,6,2024,26
2024-06-29,mañana,0,5,Saturday,True,6,2024,26
2024-06-29,tarde,5,5,Saturday,True,6,2024,26
2024-06-30,mañana,0,6,Sunday,True,6,2024,26
2024-06-30,tarde,2,6,Sunday,True,6,2024,26
2024-07-01,mañana,0,0,Monday,False,7,2024,27
2024-07-01,tarde,2,0,Monday,False,7,2024,27
2024-07-02,mañana,0,1,Tuesday,False,7,2024,27
2024-07-02,tarde,1,1,Tuesday,False,7,2024,27
2024-07-03,mañana,1,2,Wednesday,False,7,2024,27
2024-07-03,tarde,3,2,Wednesday,False,7,2024,27
2024-07-04,mañana,2,3,Thursday,False,7,2024,27
2024-07-04,tarde,3,3,Thursday,False,7,2024,27
2024-07-05,mañana,0,4,Friday,False,7,2024,27
2024-07-05,tarde,2,4,Friday,False,7,2024,27
2024-07-06,mañana,1,5,Saturday,True,7,2024,27
2024-07-06,tarde,1,5,Saturday,True,7,2024,27
2024-07-07,mañana,0,6,Sunday,True,7,2024,27
2024-07-07,tarde,0,6,Sunday,True,7,2024,27
2024-07-08,mañana,1,0,Monday,False,7,2024,28
2024-07-08,tarde,2,0,Monday,False,7,2024,28
2024-07-09,mañana,1,1,Tuesday,False,7,2024,28
2024-07-09,tarde,4,1,Tuesday,False,7,2024,28
2024-07-10,mañana,0,2,Wednesday,False,7,2024,28
2024-07-10,tarde,2,2,Wednesday,False,7,2024,28
2024-07-11,mañana,0,3,Thursday,False,7,2024,28
2024-07-11,tarde,4,3,Thursday,False,7,2024,28
2024-07-12,mañana,0,4,Friday,False,7,2024,28
2024-07-12,tarde,3,4,Friday,False,7,2024,28
2024-07-13,mañana,0,5,Saturday,True,7,2024,28
2024-07-13,tarde,3,5,Saturday,True,7,2024,28
2024-07-14,mañana,1,6,Sunday,True,7,2024,28
2024-07-14,tarde,1,6,Sunday,True,7,2024,28
2024-07-15,mañana,1,0,Monday,False,7,2024,29
2024-07-15,tarde,2,0,Monday,False,7,2024,29
2024-07-16,mañana,0,1,Tuesday,False,7,2024,29
2024-07-16,tarde,4,1,Tuesday,False,7,2024,29
2024-07-17,mañana,2,2,Wednesday,False,7,2024,29
2024-07-17,tarde,3,2,Wednesday,False,7,2024,29
2024-07-18,mañana,0,3,Thursday,False,7,2024,29
2024-07-18,tarde,7,3,Thursday,False,7,2024,29
2024-07-19,mañana,0,4,Friday,False,7,2024,29
2024-07-19,tarde,3,4,Friday,False,7,2024,29
2024-07-20,mañana,3,5,Saturday,True,7,2024,29
2024-07-20,tarde,2,5,Saturday,True,7,2024,29
2024-07-21,mañana,2,6,Sunday,True,7,2024,29
2024-07-21,tarde,0,6,Sunday,True,7,2024,29
2024-07-22,mañana,0,0,Monday,False,7,2024,30
2024-07-22,tarde,0,0,Monday,False,7,2024,30
2024-07-23,mañana,0,1,Tuesday,False,7,2024,30
2024-07-23,tarde,3,1,Tuesday,False,7,2024,30
2024-07-24,mañana,1,2,Wednesday,False,7,2024,30
2024-07-24,tarde,0,2,Wednesday,False,7,2024,30
2024-07-25,mañana,0,3,Thursday,False,7,2024,30
2024-07-25,tarde,5,3,Thursday,False,7,2024,30
2024-07-26,mañana,6,4,Friday,False,7,2024,30
2024-07-26,tarde,3,4,Friday,False,7,2024,30
2024-07-27,mañana,1,5,Saturday,True,7,2024,30
2024-07-27,tarde,7,5,Saturday,True,7,2024,30
2024-07-28,mañana,2,6,Sunday,True,7,2024,30
2024-07-28,tarde,3,6,Sunday,True,7,2024,30
2024-07-29,mañana,1,0,Monday,False,7,2024,31
2024-07-29,tarde,1,0,Monday,False,7,2024,31
2024-07-30,mañana,0,1,Tuesday,False,7,2024,31
2024-07-30,tarde,1,1,Tuesday,False,7,2024,31
2024-07-31,mañana,0,2,Wednesday,False,7,2024,31
2024-07-31,tarde,3,2,Wednesday,False,7,2024,31
2024-08-01,mañana,0,3,Thursday,False,8,2024,31
2024-08-01,tarde,5,3,Thursday,False,8,2024,31
2024-08-02,mañana,0,4,Friday,False,8,2024,31
2024-08-02,tarde,3,4,Friday,False,8,2024,31
2024-08-03,mañana,2,5,Saturday,True,8,2024,31
2024-08-03,tarde,6,5,Saturday,True,8,2024,31
2024-08-04,mañana,3,6,Sunday,True,8,2024,31
2024-08-04,tarde,4,6,Sunday,True,8,2024,31
2024-08-05,mañana,0,0,Monday,False,8,2024,32
2024-08-05,tarde,4,0,Monday,False,8,2024,32
2024-08-06,mañana,1,1,Tuesday,False,8,2024,32
2024-08-06,tarde,0,1,Tuesday,False,8,2024,32
2024-08-07,mañana,1,2,Wednesday,False,8,2024,32
2024-08-07,tarde,3,2,Wednesday,False,8,2024,32
2024-08-08,mañana,0,3,Thursday,False,8,2024,32
2024-08-08,tarde,7,3,Thursday,False,8,2024,32
2024-08-09,mañana,5,4,Friday,False,8,2024,32
2024-08-09,tarde,2,4,Friday,False,8,2024,32
2024-08-10,mañana,0,5,Saturday,True,8,2024,32
2024-08-10,tarde,3,5,Saturday,True,8,2024,32
2024-08-11,mañana,2,6,Sunday,True,8,2024,32
2024-08-11,tarde,5,6,Sunday,True,8,2024,32
2024-08-12,mañana,1,0,Monday,False,8,2024,33
2024-08-12,tarde,3,0,Monday,False,8,2024,33
2024-08-13,mañana,0,1,Tuesday,False,8,2024,33
2024-08-13,tarde,0,1,Tuesday,False,8,2024,33
2024-08-14,mañana,3,2,Wednesday,False,8,2024,33
2024-08-14,tarde,5,2,Wednesday,False,8,2024,33
2024-08-15,mañana,3,3,Thursday,False,8,2024,33
2024-08-15,tarde,5,3,Thursday,False,8,2024,33
2024-08-16,mañana,0,4,Friday,False,8,2024,33
2024-08-16,tarde,4,4,Friday,False,8,2024,33
2024-08-17,mañana,0,5,Saturday,True,8,2024,33
2024-08-17,tarde,3,5,Saturday,True,8,2024,33
2024-08-18,mañana,2,6,Sunday,True,8,2024,33
2024-08-18,tarde,3,6,Sunday,True,8,2024,33
2024-08-19,mañana,1,0,Monday,False,8,2024,34
2024-08-19,tarde,1,0,Monday,False,8,2024,34
2024-08-20,mañana,2,1,Tuesday,False,8,2024,34
2024-08-20,tarde,2,1,Tuesday,False,8,2024,34
2024-08-21,mañana,1,2,Wednesday,False,8,2024,34
2024-08-21,tarde,3,2,Wednesday,False,8,2024,34
2024-08-22,mañana,0,3,Thursday,False,8,2024,34
2024-08-22,tarde,7,3,Thursday,False,8,2024,34
2024-08-23,mañana,0,4,Friday,False,8,2024,34
2024-08-23,tarde,0,4,Friday,False,8,2024,34
2024-08-24,mañana,4,5,Saturday,True,8,2024,34
2024-08-24,tarde,3,5,Saturday,True,8,2024,34
2024-08-25,mañana,0,6,Sunday,True,8,2024,34
2024-08-25,tarde,1,6,Sunday,True,8,2024,34
2024-08-26,mañana,0,0,Monday,False,8,2024,35
2024-08-26,tarde,3,0,Monday,False,8,2024,35
2024-08-27,mañana,1,1,Tuesday,False,8,2024,35
2024-08-27,tarde,5,1,Tuesday,False,8,2024,35
2024-08-28,mañana,4,2,Wednesday,False,8,2024,35
2024-08-28,tarde,4,2,Wednesday,False,8,2024,35
2024-08-29,mañana,1,3,Thursday,False,8,2024,35
2024-08-29,tarde,4,3,Thursday,False,8,2024,35
2024-08-30,mañana,0,4,Friday,False,8,2024,35
2024-08-30,tarde,5,4,Friday,False,8,2024,35
2024-08-31,mañana,3,5,Saturday,True,8,2024,35
2024-08-31,tarde,6,5,Saturday,True,8,2024,35
2024-09-01,mañana,1,6,Sunday,True,9,2024,35
2024-09-01,tarde,4,6,Sunday,True,9,2024,35
2024-09-02,mañana,2,0,Monday,False,9,2024,36
2024-09-02,tarde,4,0,Monday,False,9,2024,36
2024-09-03,mañana,0,1,Tuesday,False,9,2024,36
2024-09-03,tarde,4,1,Tuesday,False,9,2024,36
2024-09-04,mañana,1,2,Wednesday,False,9,2024,36
2024-09-04,tarde,0,2,Wednesday,False,9,2024,36
2024-09-05,mañana,0,3,Thursday,False,9,2024,36
2024-09-05,tarde,1,3,Thursday,False,9,2024,36
2024-09-06,mañana,1,4,Friday,False,9,2024,36
2024-09-06,tarde,3,4,Friday,False,9,2024,36
2024-09-07,mañana,2,5,Saturday,True,9,2024,36
2024-09-07,tarde,5,5,Saturday,True,9,2024,36
2024-09-08,mañana,7,6,Sunday,True,9,2024,36
2024-09-08,tarde,5,6,Sunday,True,9,2024,36
2024-09-09,mañana,0,0,Monday,False,9,2024,37
2024-09-09,tarde,2,0,Monday,False,9,2024,37
2024-09-10,mañana,1,1,Tuesday,False,9,2024,37
2024-09-10,tarde,4,1,Tuesday,False,9,2024,37
2024-09-11,mañana,1,2,Wednesday,False,9,2024,37
2024-09-11,tarde,3,2,Wednesday,False,9,2024,37
2024-09-12,mañana,2,3,Thursday,False,9,2024,37
2024-09-12,tarde,6,3,Thursday,False,9,2024,37
2024-09-13,mañana,1,4,Friday,False,9,2024,37
2024-09-13,tarde,6,4,Friday,False,9,2024,37
2024-09-14,mañana,1,5,Saturday,True,9,2024,37
2024-09-14,tarde,7,5,Saturday,True,9,2024,37
2024-09-15,mañana,5,6,Sunday,True,9,2024,37
2024-09-15,tarde,4,6,Sunday,True,9,2024,37
2024-09-16,mañana,2,0,Monday,False,9,2024,38
2024-09-16,tarde,1,0,Monday,False,9,2024,38
2024-09-17,mañana,1,1,Tuesday,False,9,2024,38
2024-09-17,tarde,4,1,Tuesday,False,9,2024,38
2024-09-18,mañana,1,2,Wednesday,False,9,2024,38
2024-09-18,tarde,1,2,Wednesday,False,9,2024,38
2024-09-19,mañana,2,3,Thursday,False,9,2024,38
2024-09-19,tarde,3,3,Thursday,False,9,2024,38
2024-09-20,mañana,2,4,Friday,False,9,2024,38
2024-09-20,tarde,5,4,Friday,False,9,2024,38
2024-09-21,mañana,3,5,Saturday,True,9,2024,38
2024-09-21,tarde,14,5,Saturday,True,9,2024,38
2024-09-22,mañana,4,6,Sunday,True,9,2024,38
2024-09-22,tarde,5,6,Sunday,True,9,2024,38
2024-09-23,mañana,0,0,Monday,False,9,2024,39
2024-09-23,tarde,1,0,Monday,False,9,2024,39
2024-09-24,mañana,2,1,Tuesday,False,9,2024,39
2024-09-24,tarde,4,1,Tuesday,False,9,2024,39
2024-09-25,mañana,2,2,Wednesday,False,9,2024,39
2024-09-25,tarde,4,2,Wednesday,False,9,2024,39
2024-09-26,mañana,0,3,Thursday,False,9,2024,39
2024-09-26,tarde,2,3,Thursday,False,9,2024,39
2024-09-27,mañana,1,4,Friday,False,9,2024,39
2024-09-27,tarde,8,4,Friday,False,9,2024,39
2024-09-28,mañana,3,5,Saturday,True,9,2024,39
2024-09-28,tarde,9,5,Saturday,True,9,2024,39
2024-09-29,mañana,5,6,Sunday,True,9,2024,39
2024-09-29,tarde,8,6,Sunday,True,9,2024,39
2024-09-30,mañana,2,0,Monday,False,9,2024,40
2024-09-30,tarde,2,0,Monday,False,9,2024,40
2024-10-01,mañana,1,1,Tuesday,False,10,2024,40
2024-10-01,tarde,3,1,Tuesday,False,10,2024,40
2024-10-02,mañana,2,2,Wednesday,False,10,2024,40
2024-10-02,tarde,2,2,Wednesday,False,10,2024,40
2024-10-03,mañana,0,3,Thursday,False,10,2024,40
2024-10-03,tarde,3,3,Thursday,False,10,2024,40
2024-10-04,mañana,2,4,Friday,False,10,2024,40
2024-10-04,tarde,6,4,Friday,False,10,2024,40
2024-10-05,mañana,4,5,Saturday,True,10,2024,40
2024-10-05,tarde,5,5,Saturday,True,10,2024,40
2024-10-06,mañana,3,6,Sunday,True,10,2024,40
2024-10-06,tarde,6,6,Sunday,True,10,2024,40
2024-10-07,mañana,1,0,Monday,False,10,2024,41
2024-10-07,tarde,4,0,Monday,False,10,2024,41
2024-10-08,mañana,3,1,Tuesday,False,10,2024,41
2024-10-08,tarde,3,1,Tuesday,False,10,2024,41
2024-10-09,mañana,1,2,Wednesday,False,10,2024,41
2024-10-09,tarde,2,2,Wednesday,False,10,2024,41
2024-10-10,mañana,0,3,Thursday,False,10,2024,41
2024-10-10,tarde,3,3,Thursday,False,10,2024,41
2024-10-11,mañana,4,4,Friday,False,10,2024,41
2024-10-11,tarde,7,4,Friday,False,10,2024,41
2024-10-12,mañana,6,5,Saturday,True,10,2024,41
2024-10-12,tarde,11,5,Saturday,True,10,2024,41
2024-10-13,mañana,5,6,Sunday,True,10,2024,41
2024-10-13,tarde,6,6,Sunday,True,10,2024,41
2024-10-14,mañana,2,0,Monday,False,10,2024,42
2024-10-14,tarde,3,0,Monday,False,10,2024,42
2024-10-15,mañana,0,1,Tuesday,False,10,2024,42
2024-10-15,tarde,1,1,Tuesday,False,10,2024,42
2024-10-16,mañana,2,2,Wednesday,False,10,2024,42
2024-10-16,tarde,1,2,Wednesday,False,10,2024,42
2024-10-17,mañana,0,3,Thursday,False,10,2024,42
2024-10-17,tarde,3,3,Thursday,False,10,2024,42
2024-10-18,mañana,1,4,Friday,False,10,2024,42
2024-10-18,tarde,5,4,Friday,False,10,2024,42
2024-10-19,mañana,1,5,Saturday,True,10,2024,42
2024-10-19,tarde,7,5,Saturday,True,10,2024,42
2024-10-20,mañana,2,6,Sunday,True,10,2024,42
2024-10-20,tarde,8,6,Sunday,True,10,2024,42
2024-10-21,mañana,0,0,Monday,False,10,2024,43
2024-10-21,tarde,3,0,Monday,False,10,2024,43
2024-10-22,mañana,1,1,Tuesday,False,10,2024,43
2024-10-22,tarde,1,1,Tuesday,False,10,2024,43
2024-10-23,mañana,0,2,Wednesday,False,10,2024,43
2024-10-23,tarde,2,2,Wednesday,False,10,2024,43
2024-10-24,mañana,2,3,Thursday,False,10,2024,43
2024-10-24,tarde,4,3,Thursday,False,10,2024,43
2024-10-25,mañana,1,4,Friday,False,10,2024,43
2024-10-25,tarde,5,4,Friday,False,10,2024,43
2024-10-26,mañana,4,5,Saturday,True,10,2024,43
2024-10-26,tarde,11,5,Saturday,True,10,2024,43
2024-10-27,mañana,2,6,Sunday,True,10,2024,43
2024-10-27,tarde,5,6,Sunday,True,10,2024,43
2024-10-28,mañana,0,0,Monday,False,10,2024,44
2024-10-28,tarde,2,0,Monday,False,10,2024,44
2024-10-29,mañana,1,1,Tuesday,False,10,2024,44
2024-10-29,tarde,3,1,Tuesday,False,10,2024,44
2024-10-30,mañana,1,2,Wednesday,False,10,2024,44
2024-10-30,tarde,6,2,Wednesday,False,10,2024,44
2024-10-31,mañana,2,3,Thursday,False,10,2024,44
2024-10-31,tarde,7,3,Thursday,False,10,2024,44
2024-11-01,mañana,3,4,Friday,False,11,2024,44
2024-11-01,tarde,11,4,Friday,False,11,2024,44
2024-11-02,mañana,4,5,Saturday,True,11,2024,44
2024-11-02,tarde,5,5,Saturday,True,11,2024,44
2024-11-03,mañana,3,6,Sunday,True,11,2024,44
2024-11-03,tarde,6,6,Sunday,True,11,2024,44
2024-11-04,mañana,3,0,Monday,False,11,2024,45
2024-11-04,tarde,2,0,Monday,False,11,2024,45
2024-11-05,mañana,2,1,Tuesday,False,11,2024,45
2024-11-05,tarde,0,1,Tuesday,False,11,2024,45
2024-11-06,mañana,1,2,Wednesday,False,11,2024,45
2024-11-06,tarde,5,2,Wednesday,False,11,2024,45
2024-11-07,mañana,2,3,Thursday,False,11,2024,45
2024-11-07,tarde,1,3,Thursday,False,11,2024,45
2024-11-08,mañana,4,4,Friday,False,11,2024,45
2024-11-08,tarde,5,4,Friday,False,11,2024,45
2024-11-09,mañana,6,5,Saturday,True,11,2024,45
2024-11-09,tarde,7,5,Saturday,True,11,2024,45
2024-11-10,mañana,5,6,Sunday,True,11,2024,45
2024-11-10,tarde,3,6,Sunday,True,11,2024,45
2024-11-11,mañana,1,0,Monday,False,11,2024,46
2024-11-11,tarde,1,0,Monday,False,11,2024,46
2024-11-12,mañana,3,1,Tuesday,False,11,2024,46
2024-11-12,tarde,1,1,Tuesday,False,11,2024,46
2024-11-13,mañana,2,2,Wednesday,False,11,2024,46
2024-11-13,tarde,2,2,Wednesday,False,11,2024,46
2024-11-14,mañana,2,3,Thursday,False,11,2024,46
2024-11-14,tarde,2,3,Thursday,False,11,2024,46
2024-11-15,mañana,3,4,Friday,False,11,2024,46
2024-11-15,tarde,7,4,Friday,False,11,2024,46
2024-11-16,mañana,5,5,Saturday,True,11,2024,46
2024-11-16,tarde,6,5,Saturday,True,11,2024,46
2024-11-17,mañana,5,6,Sunday,True,11,2024,46
2024-11-17,tarde,5,6,Sunday,True,11,2024,46
2024-11-18,mañana,0,0,Monday,False,11,2024,47
2024-11-18,tarde,1,0,Monday,False,11,2024,47
2024-11-19,mañana,1,1,Tuesday,False,11,2024,47
2024-11-19,tarde,2,1,Tuesday,False,11,2024,47
2024-11-20,mañana,4,2,Wednesday,False,11,2024,47
2024-11-20,tarde,2,2,Wednesday,False,11,2024,47
2024-11-21,mañana,1,3,Thursday,False,11,2024,47
2024-11-21,tarde,4,3,Thursday,False,11,2024,47
2024-11-22,mañana,2,4,Friday,False,11,2024,47
2024-11-22,tarde,5,4,Friday,False,11,2024,47
2024-11-23,mañana,5,5,Saturday,True,11,2024,47
2024-11-23,tarde,7,5,Saturday,True,11,2024,47
2024-11-24,mañana,6,6,Sunday,True,11,2024,47
2024-11-24,tarde,6,6,Sunday,True,11,2024,47
2024-11-25,mañana,0,0,Monday,False,11,2024,48
2024-11-25,tarde,0,0,Monday,False,11,2024,48
2024-11-26,mañana,1,1,Tuesday,False,11,2024,48
2024-11-26,tarde,0,1,Tuesday,False,11,2024,48
2024-11-27,mañana,1,2,Wednesday,False,11,2024,48
2024-11-27,tarde,1,2,Wednesday,False,11,2024,48
2024-11-28,mañana,1,3,Thursday,False,11,2024,48
2024-11-28,tarde,4,3,Thursday,False,11,2024,48
2024-11-29,mañana,0,4,Friday,False,11,2024,48
2024-11-29,tarde,6,4,Friday,False,11,2024,48
2024-11-30,mañana,8,5,Saturday,True,11,2024,48
2024-11-30,tarde,6,5,Saturday,True,11,2024,48
2024-12-01,mañana,2,6,Sunday,True,12,2024,48
2024-12-01,tarde,5,6,Sunday,True,12,2024,48
2024-12-02,mañana,0,0,Monday,False,12,2024,49
2024-12-02,tarde,4,0,Monday,False,12,2024,49
2024-12-03,mañana,1,1,Tuesday,False,12,2024,49
2024-12-03,tarde,2,1,Tuesday,False,12,2024,49
2024-12-04,mañana,2,2,Wednesday,False,12,2024,49
2024-12-04,tarde,2,2,Wednesday,False,12,2024,49
2024-12-05,mañana,0,3,Thursday,False,12,2024,49
2024-12-05,tarde,4,3,Thursday,False,12,2024,49
2024-12-06,mañana,1,4,Friday,False,12,2024,49
2024-12-06,tarde,6,4,Friday,False,12,2024,49
2024-12-07,mañana,5,5,Saturday,True,12,2024,49
2024-12-07,tarde,3,5,Saturday,True,12,2024,49
2024-12-08,mañana,1,6,Sunday,True,12,2024,49
2024-12-08,tarde,2,6,Sunday,True,12,2024,49
2024-12-09,mañana,1,0,Monday,False,12,2024,50
2024-12-09,tarde,2,0,Monday,False,12,2024,50
2024-12-10,mañana,1,1,Tuesday,False,12,2024,50
2024-12-10,tarde,2,1,Tuesday,False,12,2024,50
2024-12-11,mañana,0,2,Wednesday,False,12,2024,50
2024-12-11,tarde,1,2,Wednesday,False,12,2024,50
2024-12-12,mañana,3,3,Thursday,False,12,2024,50
2024-12-12,tarde,4,3,Thursday,False,12,2024,50
2024-12-13,mañana,0,4,Friday,False,12,2024,50
2024-12-13,tarde,0,4,Friday,False,12,2024,50
2024-12-14,mañana,2,5,Saturday,True,12,2024,50
2024-12-14,tarde,3,5,Saturday,True,12,2024,50
2024-12-15,mañana,4,6,Sunday,True,12,2024,50
2024-12-15,tarde,6,6,Sunday,True,12,2024,50
2024-12-16,mañana,2,0,Monday,False,12,2024,51
2024-12-16,tarde,2,0,Monday,False,12,2024,51
2024-12-17,mañana,0,1,Tuesday,False,12,2024,51
2024-12-17,tarde,4,1,Tuesday,False,12,2024,51
2024-12-18,mañana,1,2,Wednesday,False,12,2024,51
2024-12-18,tarde,0,2,Wednesday,False,12,2024,51
2024-12-19,mañana,0,3,Thursday,False,12,2024,51
2024-12-19,tarde,1,3,Thursday,False,12,2024,51
2024-12-20,mañana,2,4,Friday,False,12,2024,51
2024-12-20,tarde,2,4,Friday,False,12,2024,51
2024-12-21,mañana,2,5,Saturday,True,12,2024,51
2024-12-21,tarde,5,5,Saturday,True,12,2024,51
2024-12-22,mañana,2,6,Sunday,True,12,2024,51
2024-12-22,tarde,4,6,Sunday,True,12,2024,51
2024-12-23,mañana,2,0,Monday,False,12,2024,52
2024-12-23,tarde,0,0,Monday,False,12,2024,52
2024-12-24,mañana,0,1,Tuesday,False,12,2024,52
2024-12-24,tarde,1,1,Tuesday,False,12,2024,52
2024-12-25,mañana,0,2,Wednesday,False,12,2024,52
2024-12-25,tarde,0,2,Wednesday,False,12,2024,52
2024-12-26,mañana,4,3,Thursday,False,12,2024,52
2024-12-26,tarde,6,3,Thursday,False,12,2024,52
2024-12-27,mañana,4,4,Friday,False,12,2024,52
2024-12-27,tarde,7,4,Friday,False,12,2024,52
2024-12-28,mañana,5,5,Saturday,True,12,2024,52
2024-12-28,tarde,6,5,Saturday,True,12,2024,52
2024-12-29,mañana,5,6,Sunday,True,12,2024,52
2024-12-29,tarde,4,6,Sunday,True,12,2024,52
2024-12-30,mañana,4,0,Monday,False,12,2024,1
2024-12-30,tarde,9,0,Monday,False,12,2024,1
2024-12-31,mañana,4,1,Tuesday,False,12,2024,1
2024-12-31,tarde,2,1,Tuesday,False,12,2024,1
2025-01-01,mañana,0,2,Wednesday,False,1,2025,1
2025-01-01,tarde,0,2,Wednesday,False,1,2025,1
2025-01-02,mañana,4,3,Thursday,False,1,2025,1
2025-01-02,tarde,6,3,Thursday,False,1,2025,1
2025-01-03,mañana,3,4,Friday,False,1,2025,1
2025-01-03,tarde,6,4,Friday,False,1,2025,1
2025-01-04,mañana,5,5,Saturday,True,1,2025,1
2025-01-04,tarde,3,5,Saturday,True,1,2025,1
2025-01-05,mañana,2,6,Sunday,True,1,2025,1
2025-01-05,tarde,7,6,Sunday,True,1,2025,1
2025-01-06,mañana,0,0,Monday,False,1,2025,2
2025-01-06,tarde,0,0,Monday,False,1,2025,2
2025-01-07,mañana,1,1,Tuesday,False,1,2025,2
2025-01-07,tarde,3,1,Tuesday,False,1,2025,2
2025-01-08,mañana,2,2,Wednesday,False,1,2025,2
2025-01-08,tarde,3,2,Wednesday,False,1,2025,2
2025-01-09,mañana,1,3,Thursday,False,1,2025,2
2025-01-09,tarde,5,3,Thursday,False,1,2025,2
2025-01-10,mañana,3,4,Friday,False,1,2025,2
2025-01-10,tarde,6,4,Friday,False,1,2025,2
2025-01-11,mañana,4,5,Saturday,True,1,2025,2
2025-01-11,tarde,13,5,Saturday,True,1,2025,2
2025-01-12,mañana,5,6,Sunday,True,1,2025,2
2025-01-12,tarde,5,6,Sunday,True,1,2025,2
2025-01-13,mañana,2,0,Monday,False,1,2025,3
2025-01-13,tarde,5,0,Monday,False,1,2025,3
2025-01-14,mañana,2,1,Tuesday,False,1,2025,3
2025-01-14,tarde,3,1,Tuesday,False,1,2025,3
2025-01-15,mañana,3,2,Wednesday,False,1,2025,3
2025-01-15,tarde,4,2,Wednesday,False,1,2025,3
2025-01-16,mañana,0,3,Thursday,False,1,2025,3
2025-01-16,tarde,4,3,Thursday,False,1,2025,3
2025-01-17,mañana,1,4,Friday,False,1,2025,3
2025-01-17,tarde,8,4,Friday,False,1,2025,3
2025-01-18,mañana,5,5,Saturday,True,1,2025,3
2025-01-18,tarde,10,5,Saturday,True,1,2025,3
2025-01-19,mañana,7,6,Sunday,True,1,2025,3
2025-01-19,tarde,10,6,Sunday,True,1,2025,3
2025-01-20,mañana,2,0,Monday,False,1,2025,4
2025-01-20,tarde,3,0,Monday,False,1,2025,4
2025-01-21,mañana,1,1,Tuesday,False,1,2025,4
2025-01-21,tarde,6,1,Tuesday,False,1,2025,4
2025-01-22,mañana,1,2,Wednesday,False,1,2025,4
2025-01-22,tarde,6,2,Wednesday,False,1,2025,4
2025-01-23,mañana,0,3,Thursday,False,1,2025,4
2025-01-23,tarde,6,3,Thursday,False,1,2025,4
2025-01-24,mañana,1,4,Friday,False,1,2025,4
2025-01-24,tarde,10,4,Friday,False,1,2025,4
2025-01-25,mañana,7,5,Saturday,True,1,2025,4
2025-01-25,tarde,11,5,Saturday,True,1,2025,4
2025-01-26,mañana,7,6,Sunday,True,1,2025,4
2025-01-26,tarde,10,6,Sunday,True,1,2025,4
2025-01-27,mañana,5,0,Monday,False,1,2025,5
2025-01-27,tarde,6,0,Monday,False,1,2025,5
2025-01-28,mañana,2,1,Tuesday,False,1,2025,5
2025-01-28,tarde,5,1,Tuesday,False,1,2025,5
2025-01-29,mañana,2,2,Wednesday,False,1,2025,5
2025-01-29,tarde,7,2,Wednesday,False,1,2025,5
2025-01-30,mañana,5,3,Thursday,False,1,2025,5
2025-01-30,tarde,4,3,Thursday,False,1,2025,5
2025-01-31,mañana,4,4,Friday,False,1,2025,5
2025-01-31,tarde,10,4,Friday,False,1,2025,5
2025-02-01,mañana,6,5,Saturday,True,2,2025,5
2025-02-01,tarde,11,5,Saturday,True,2,2025,5
2025-02-02,mañana,4,6,Sunday,True,2,2025,5
2025-02-02,tarde,6,6,Sunday,True,2,2025,5
2025-02-03,mañana,2,0,Monday,False,2,2025,6
2025-02-03,tarde,2,0,Monday,False,2,2025,6
2025-02-04,mañana,3,1,Tuesday,False,2,2025,6
2025-02-04,tarde,3,1,Tuesday,False,2,2025,6
2025-02-05,mañana,1,2,Wednesday,False,2,2025,6
2025-02-05,tarde,3,2,Wednesday,False,2,2025,6
2025-02-06,mañana,0,3,Thursday,False,2,2025,6
2025-02-06,tarde,4,3,Thursday,False,2,2025,6
2025-02-07,mañana,3,4,Friday,False,2,2025,6
2025-02-07,tarde,6,4,Friday,False,2,2025,6
2025-02-08,mañana,4,5,Saturday,True,2,2025,6
2025-02-08,tarde,13,5,Saturday,True,2,2025,6
2025-02-09,mañana,6,6,Sunday,True,2,2025,6
2025-02-09,tarde,8,6,Sunday,True,2,2025,6
2025-02-10,mañana,2,0,Monday,False,2,2025,7
2025-02-10,tarde,2,0,Monday,False,2,2025,7
2025-02-11,mañana,1,1,Tuesday,False,2,2025,7
2025-02-11,tarde,5,1,Tuesday,False,2,2025,7
2025-02-12,mañana,4,2,Wednesday,False,2,2025,7
2025-02-12,tarde,5,2,Wednesday,False,2,2025,7
2025-02-13,mañana,3,3,Thursday,False,2,2025,7
2025-02-13,tarde,9,3,Thursday,False,2,2025,7
2025-02-14,mañana,7,4,Friday,False,2,2025,7
2025-02-14,tarde,15,4,Friday,False,2,2025,7
2025-02-15,mañana,12,5,Saturday,True,2,2025,7
2025-02-15,tarde,14,5,Saturday,True,2,2025,7
2025-02-16,mañana,6,6,Sunday,True,2,2025,7
2025-02-16,tarde,11,6,Sunday,True,2,2025,7
2025-02-17,mañana,4,0,Monday,False,2,2025,8
2025-02-17,tarde,11,0,Monday,False,2,2025,8
2025-02-18,mañana,1,1,Tuesday,False,2,2025,8
2025-02-18,tarde,5,1,Tuesday,False,2,2025,8
2025-02-19,mañana,0,2,Wednesday,False,2,2025,8
2025-02-19,tarde,2,2,Wednesday,False,2,2025,8
2025-02-20,mañana,2,3,Thursday,False,2,2025,8
2025-02-20,tarde,7,3,Thursday,False,2,2025,8
2025-02-21,mañana,2,4,Friday,False,2,2025,8
2025-02-21,tarde,10,4,Friday,False,2,2025,8
2025-02-22,mañana,9,5,Saturday,True,2,2025,8
2025-02-22,tarde,14,5,Saturday,True,2,2025,8
2025-02-23,mañana,5,6,Sunday,True,2,2025,8
2025-02-23,tarde,12,6,Sunday,True,2,2025,8
2025-02-24,mañana,2,0,Monday,False,2,2025,9
2025-02-24,tarde,7,0,Monday,False,2,2025,9
2025-02-25,mañana,3,1,Tuesday,False,2,2025,9
2025-02-25,tarde,8,1,Tuesday,False,2,2025,9
2025-02-26,mañana,0,2,Wednesday,False,2,2025,9
2025-02-26,tarde,3,2,Wednesday,False,2,2025,9
2025-02-27,mañana,3,3,Thursday,False,2,2025,9
2025-02-27,tarde,7,3,Thursday,False,2,2025,9
2025-02-28,mañana,4,4,Friday,False,2,2025,9
2025-02-28,tarde,11,4,Friday,False,2,2025,9
2025-03-01,mañana,10,5,Saturday,True,3,2025,9
2025-03-01,tarde,10,5,Saturday,True,3,2025,9
2025-03-02,mañana,8,6,Sunday,True,3,2025,9
2025-03-02,tarde,7,6,Sunday,True,3,2025,9
2025-03-03,mañana,1,0,Monday,False,3,2025,10
2025-03-03,tarde,7,0,Monday,False,3,2025,10
2025-03-04,mañana,2,1,Tuesday,False,3,2025,10
2025-03-04,tarde,2,1,Tuesday,False,3,2025,10
2025-03-05,mañana,4,2,Wednesday,False,3,2025,10
2025-03-05,tarde,7,2,Wednesday,False,3,2025,10
2025-03-06,mañana,0,3,Thursday,False,3,2025,10
2025-03-06,tarde,6,3,Thursday,False,3,2025,10
2025-03-07,mañana,0,4,Friday,False,3,2025,10
2025-03-07,tarde,7,4,Friday,False,3,2025,10
2025-03-08,mañana,11,5,Saturday,True,3,2025,10
2025-03-08,tarde,5,5,Saturday,True,3,2025,10
2025-03-09,mañana,0,6,Sunday,True,3,2025,10
2025-03-09,tarde,0,6,Sunday,True,3,2025,10
2025-03-10,mañana,0,0,Monday,False,3,2025,11
2025-03-10,tarde,0,0,Monday,False,3,2025,11
2025-03-11,mañana,0,1,Tuesday,False,3,2025,11
2025-03-11,tarde,0,1,Tuesday,False,3,2025,11
2025-03-12,mañana,0,2,Wednesday,False,3,2025,11
2025-03-12,tarde,0,2,Wednesday,False,3,2025,11
2025-03-13,mañana,0,3,Thursday,False,3,2025,11
2025-03-13,tarde,0,3,Thursday,False,3,2025,11
2025-03-14,mañana,4,4,Friday,False,3,2025,11
2025-03-14,tarde,6,4,Friday,False,3,2025,11
2025-03-15,mañana,6,5,Saturday,True,3,2025,11
2025-03-15,tarde,12,5,Saturday,True,3,2025,11
2025-03-16,mañana,5,6,Sunday,True,3,2025,11
2025-03-16,tarde,10,6,Sunday,True,3,2025,11
2025-03-17,mañana,5,0,Monday,False,3,2025,12
2025-03-17,tarde,4,0,Monday,False,3,2025,12
2025-03-18,mañana,3,1,Tuesday,False,3,2025,12
2025-03-18,tarde,3,1,Tuesday,False,3,2025,12
2025-03-19,mañana,4,2,Wednesday,False,3,2025,12
2025-03-19,tarde,6,2,Wednesday,False,3,2025,12
2025-03-20,mañana,4,3,Thursday,False,3,2025,12
2025-03-20,tarde,2,3,Thursday,False,3,2025,12
2025-03-21,mañana,1,4,Friday,False,3,2025,12
2025-03-21,tarde,10,4,Friday,False,3,2025,12
2025-03-22,mañana,7,5,Saturday,True,3,2025,12
2025-03-22,tarde,8,5,Saturday,True,3,2025,12
2025-03-23,mañana,6,6,Sunday,True,3,2025,12
2025-03-23,tarde,11,6,Sunday,True,3,2025,12
2025-03-24,mañana,3,0,Monday,False,3,2025,13
2025-03-24,tarde,5,0,Monday,False,3,2025,13
2025-03-25,mañana,2,1,Tuesday,False,3,2025,13
2025-03-25,tarde,4,1,Tuesday,False,3,2025,13
2025-03-26,mañana,4,2,Wednesday,False,3,2025,13
2025-03-26,tarde,5,2,Wednesday,False,3,2025,13
2025-03-27,mañana,0,3,Thursday,False,3,2025,13
2025-03-27,tarde,1,3,Thursday,False,3,2025,13
2025-03-28,mañana,2,4,Friday,False,3,2025,13
2025-03-28,tarde,7,4,Friday,False,3,2025,13
2025-03-29,mañana,7,5,Saturday,True,3,2025,13
2025-03-29,tarde,5,5,Saturday,True,3,2025,13
2025-03-30,mañana,5,6,Sunday,True,3,2025,13
2025-03-30,tarde,7,6,Sunday,True,3,2025,13
2025-03-31,mañana,2,0,Monday,False,3,2025,14
2025-03-31,tarde,5,0,Monday,False,3,2025,14
2025-04-01,mañana,2,1,Tuesday,False,4,2025,14
2025-04-01,tarde,1,1,Tuesday,False,4,2025,14
2025-04-02,mañana,1,2,Wednesday,False,4,2025,14
2025-04-02,tarde,5,2,Wednesday,False,4,2025,14
2025-04-03,mañana,1,3,Thursday,False,4,2025,14
2025-04-03,tarde,8,3,Thursday,False,4,2025,14
2025-04-04,mañana,7,4,Friday,False,4,2025,14
2025-04-04,tarde,8,4,Friday,False,4,2025,14
2025-04-05,mañana,6,5,Saturday,True,4,2025,14
2025-04-05,tarde,5,5,Saturday,True,4,2025,14
2025-04-06,mañana,4,6,Sunday,True,4,2025,14
2025-04-06,tarde,6,6,Sunday,True,4,2025,14
2025-04-07,mañana,3,0,Monday,False,4,2025,15
2025-04-07,tarde,6,0,Monday,False,4,2025,15
2025-04-08,mañana,2,1,Tuesday,False,4,2025,15
2025-04-08,tarde,3,1,Tuesday,False,4,2025,15
2025-04-09,mañana,0,2,Wednesday,False,4,2025,15
2025-04-09,tarde,5,2,Wednesday,False,4,2025,15
2025-04-10,mañana,3,3,Thursday,False,4,2025,15
2025-04-10,tarde,2,3,Thursday,False,4,2025,15
2025-04-11,mañana,3,4,Friday,False,4,2025,15
2025-04-11,tarde,6,4,Friday,False,4,2025,15
2025-04-12,mañana,6,5,Saturday,True,4,2025,15
2025-04-12,tarde,4,5,Saturday,True,4,2025,15
2025-04-13,mañana,5,6,Sunday,True,4,2025,15
2025-04-13,tarde,6,6,Sunday,True,4,2025,15
2025-04-14,mañana,3,0,Monday,False,4,2025,16
2025-04-14,tarde,4,0,Monday,False,4,2025,16
2025-04-15,mañana,1,1,Tuesday,False,4,2025,16
2025-04-15,tarde,6,1,Tuesday,False,4,2025,16
2025-04-16,mañana,2,2,Wednesday,False,4,2025,16
2025-04-16,tarde,1,2,Wednesday,False,4,2025,16
2025-04-17,mañana,3,3,Thursday,False,4,2025,16
2025-04-17,tarde,4,3,Thursday,False,4,2025,16
2025-04-18,mañana,1,4,Friday,False,4,2025,16
2025-04-18,tarde,4,4,Friday,False,4,2025,16
2025-04-19,mañana,3,5,Saturday,True,4,2025,16
2025-04-19,tarde,3,5,Saturday,True,4,2025,16
2025-04-20,mañana,3,6,Sunday,True,4,2025,16
2025-04-20,tarde,3,6,Sunday,True,4,2025,16
2025-04-21,mañana,4,0,Monday,False,4,2025,17
2025-04-21,tarde,5,0,Monday,False,4,2025,17
2025-04-22,mañana,1,1,Tuesday,False,4,2025,17
2025-04-22,tarde,8,1,Tuesday,False,4,2025,17
2025-04-23,mañana,5,2,Wednesday,False,4,2025,17
2025-04-23,tarde,3,2,Wednesday,False,4,2025,17
2025-04-24,mañana,0,3,Thursday,False,4,2025,17
2025-04-24,tarde,6,3,Thursday,False,4,2025,17
2025-04-25,mañana,4,4,Friday,False,4,2025,17
2025-04-25,tarde,7,4,Friday,False,4,2025,17
2025-04-26,mañana,5,5,Saturday,True,4,2025,17
2025-04-26,tarde,10,5,Saturday,True,4,2025,17
2025-04-27,mañana,6,6,Sunday,True,4,2025,17
2025-04-27,tarde,8,6,Sunday,True,4,2025,17
2025-04-28,mañana,1,0,Monday,False,4,2025,18
2025-04-28,tarde,0,0,Monday,False,4,2025,18
2025-04-29,mañana,0,1,Tuesday,False,4,2025,18
2025-04-29,tarde,3,1,Tuesday,False,4,2025,18
2025-04-30,mañana,1,2,Wednesday,False,4,2025,18
2025-04-30,tarde,6,2,Wednesday,False,4,2025,18
2025-05-01,mañana,7,3,Thursday,False,5,2025,18
2025-05-01,tarde,5,3,Thursday,False,5,2025,18
2025-05-02,mañana,5,4,Friday,False,5,2025,18
2025-05-02,tarde,11,4,Friday,False,5,2025,18
2025-05-03,mañana,6,5,Saturday,True,5,2025,18
2025-05-03,tarde,8,5,Saturday,True,5,2025,18
2025-05-04,mañana,4,6,Sunday,True,5,2025,18
2025-05-04,tarde,6,6,Sunday,True,5,2025,18
2025-05-05,mañana,4,0,Monday,False,5,2025,19
2025-05-05,tarde,9,0,Monday,False,5,2025,19
2025-05-06,mañana,1,1,Tuesday,False,5,2025,19
2025-05-06,tarde,1,1,Tuesday,False,5,2025,19
2025-05-07,mañana,4,2,Wednesday,False,5,2025,19
2025-05-07,tarde,6,2,Wednesday,False,5,2025,19
2025-05-08,mañana,2,3,Thursday,False,5,2025,19
2025-05-08,tarde,5,3,Thursday,False,5,2025,19
2025-05-09,mañana,2,4,Friday,False,5,2025,19
2025-05-09,tarde,4,4,Friday,False,5,2025,19
2025-05-10,mañana,7,5,Saturday,True,5,2025,19
2025-05-10,tarde,4,5,Saturday,True,5,2025,19
2025-05-11,mañana,6,6,Sunday,True,5,2025,19
2025-05-11,tarde,7,6,Sunday,True,5,2025,19
2025-05-12,mañana,0,0,Monday,False,5,2025,20
2025-05-12,tarde,8,0,Monday,False,5,2025,20
2025-05-13,mañana,2,1,Tuesday,False,5,2025,20
2025-05-13,tarde,2,1,Tuesday,False,5,2025,20
2025-05-14,mañana,2,2,Wednesday,False,5,2025,20
2025-05-14,tarde,5,2,Wednesday,False,5,2025,20
2025-05-15,mañana,3,3,Thursday,False,5,2025,20
2025-05-15,tarde,8,3,Thursday,False,5,2025,20
2025-05-16,mañana,6,4,Friday,False,5,2025,20
2025-05-16,tarde,11,4,Friday,False,5,2025,20
2025-05-17,mañana,7,5,Saturday,True,5,2025,20
2025-05-17,tarde,6,5,Saturday,True,5,2025,20
2025-05-18,mañana,8,6,Sunday,True,5,2025,20
2025-05-18,tarde,6,6,Sunday,True,5,2025,20
2025-05-19,mañana,3,0,Monday,False,5,2025,21
2025-05-19,tarde,4,0,Monday,False,5,2025,21
2025-05-20,mañana,2,1,Tuesday,False,5,2025,21
2025-05-20,tarde,4,1,Tuesday,False,5,2025,21
2025-05-21,mañana,2,2,Wednesday,False,5,2025,21
2025-05-21,tarde,2,2,Wednesday,False,5,2025,21
2025-05-22,mañana,5,3,Thursday,False,5,2025,21
2025-05-22,tarde,4,3,Thursday,False,5,2025,21
2025-05-23,mañana,3,4,Friday,False,5,2025,21
2025-05-23,tarde,8,4,Friday,False,5,2025,21
2025-05-24,mañana,5,5,Saturday,True,5,2025,21
2025-05-24,tarde,6,5,Saturday,True,5,2025,21
2025-05-25,mañana,1,6,Sunday,True,5,2025,21
2025-05-25,tarde,4,6,Sunday,True,5,2025,21
2025-05-26,mañana,1,0,Monday,False,5,2025,22
2025-05-26,tarde,5,0,Monday,False,5,2025,22
2025-05-27,mañana,3,1,Tuesday,False,5,2025,22
2025-05-27,tarde,6,1,Tuesday,False,5,2025,22
2025-05-28,mañana,2,2,Wednesday,False,5,2025,22
2025-05-28,tarde,5,2,Wednesday,False,5,2025,22
2025-05-29,mañana,2,3,Thursday,False,5,2025,22
2025-05-29,tarde,4,3,Thursday,False,5,2025,22
2025-05-30,mañana,1,4,Friday,False,5,2025,22
2025-05-30,tarde,11,4,Friday,False,5,2025,22
2025-05-31,mañana,6,5,Saturday,True,5,2025,22
2025-05-31,tarde,6,5,Saturday,True,5,2025,22
2025-06-01,mañana,5,6,Sunday,True,6,2025,22
2025-06-01,tarde,4,6,Sunday,True,6,2025,22
2025-06-02,mañana,0,0,Monday,False,6,2025,23
2025-06-02,tarde,3,0,Monday,False,6,2025,23
2025-06-03,mañana,1,1,Tuesday,False,6,2025,23
2025-06-03,tarde,2,1,Tuesday,False,6,2025,23
2025-06-04,mañana,1,2,Wednesday,False,6,2025,23
2025-06-04,tarde,2,2,Wednesday,False,6,2025,23
2025-06-05,mañana,4,3,Thursday,False,6,2025,23
2025-06-05,tarde,3,3,Thursday,False,6,2025,23
2025-06-06,mañana,6,4,Friday,False,6,2025,23
2025-06-06,tarde,7,4,Friday,False,6,2025,23
2025-06-07,mañana,4,5,Saturday,True,6,2025,23
2025-06-07,tarde,4,5,Saturday,True,6,2025,23
2025-06-08,mañana,6,6,Sunday,True,6,2025,23
2025-06-08,tarde,6,6,Sunday,True,6,2025,23
2025-06-09,mañana,4,0,Monday,False,6,2025,24
2025-06-09,tarde,2,0,Monday,False,6,2025,24
2025-06-10,mañana,3,1,Tuesday,False,6,2025,24
2025-06-10,tarde,5,1,Tuesday,False,6,2025,24
2025-06-11,mañana,2,2,Wednesday,False,6,2025,24
2025-06-11,tarde,5,2,Wednesday,False,6,2025,24
2025-06-12,mañana,4,3,Thursday,False,6,2025,24
2025-06-12,tarde,4,3,Thursday,False,6,2025,24
2025-06-13,mañana,2,4,Friday,False,6,2025,24
2025-06-13,tarde,6,4,Friday,False,6,2025,24
2025-06-14,mañana,6,5,Saturday,True,6,2025,24
2025-06-14,tarde,6,5,Saturday,True,6,2025,24
2025-06-15,mañana,3,6,Sunday,True,6,2025,24
2025-06-15,tarde,6,6,Sunday,True,6,2025,24
2025-06-16,mañana,3,0,Monday,False,6,2025,25
2025-06-16,tarde,6,0,Monday,False,6,2025,25
2025-06-17,mañana,0,1,Tuesday,False,6,2025,25
2025-06-17,tarde,4,1,Tuesday,False,6,2025,25
2025-06-18,mañana,2,2,Wednesday,False,6,2025,25
2025-06-18,tarde,4,2,Wednesday,False,6,2025,25
2025-06-19,mañana,3,3,Thursday,False,6,2025,25
2025-06-19,tarde,5,3,Thursday,False,6,2025,25
2025-06-20,mañana,3,4,Friday,False,6,2025,25
2025-06-20,tarde,6,4,Friday,False,6,2025,25
2025-06-21,mañana,3,5,Saturday,True,6,2025,25
2025-06-21,tarde,7,5,Saturday,True,6,2025,25
2025-06-22,mañana,3,6,Sunday,True,6,2025,25
2025-06-22,tarde,5,6,Sunday,True,6,2025,25
2025-06-23,mañana,2,0,Monday,False,6,2025,26
2025-06-23,tarde,5,0,Monday,False,6,2025,26
2025-06-24,mañana,1,1,Tuesday,False,6,2025,26
2025-06-24,tarde,7,1,Tuesday,False,6,2025,26
2025-06-25,mañana,0,2,Wednesday,False,6,2025,26
2025-06-25,tarde,8,2,Wednesday,False,6,2025,26
2025-06-26,mañana,3,3,Thursday,False,6,2025,26
2025-06-26,tarde,4,3,Thursday,False,6,2025,26
2025-06-27,mañana,4,4,Friday,False,6,2025,26
2025-06-27,tarde,5,4,Friday,False,6,2025,26
2025-06-28,mañana,7,5,Saturday,True,6,2025,26
2025-06-28,tarde,7,5,Saturday,True,6,2025,26
2025-06-29,mañana,4,6,Sunday,True,6,2025,26
2025-06-29,tarde,2,6,Sunday,True,6,2025,26
2025-06-30,mañana,3,0,Monday,False,6,2025,27
2025-06-30,tarde,3,0,Monday,False,6,2025,27
2025-07-01,mañana,2,1,Tuesday,False,7,2025,27
2025-07-01,tarde,4,1,Tuesday,False,7,2025,27
2025-07-02,mañana,2,2,Wednesday,False,7,2025,27
2025-07-02,tarde,5,2,Wednesday,False,7,2025,27
2025-07-03,mañana,2,3,Thursday,False,7,2025,27
2025-07-03,tarde,5,3,Thursday,False,7,2025,27
2025-07-04,mañana,3,4,Friday,False,7,2025,27
2025-07-04,tarde,4,4,Friday,False,7,2025,27
2025-07-05,mañana,4,5,Saturday,True,7,2025,27
2025-07-05,tarde,6,5,Saturday,True,7,2025,27
2025-07-06,mañana,7,6,Sunday,True,7,2025,27
2025-07-06,tarde,6,6,Sunday,True,7,2025,27
2025-07-07,mañana,2,0,Monday,False,7,2025,28
2025-07-07,tarde,5,0,Monday,False,7,2025,28
2025-07-08,mañana,1,1,Tuesday,False,7,2025,28
2025-07-08,tarde,6,1,Tuesday,False,7,2025,28
2025-07-09,mañana,0,2,Wednesday,False,7,2025,28
2025-07-09,tarde,4,2,Wednesday,False,7,2025,28
2025-07-10,mañana,0,3,Thursday,False,7,2025,28
2025-07-10,tarde,4,3,Thursday,False,7,2025,28
2025-07-11,mañana,1,4,Friday,False,7,2025,28
2025-07-11,tarde,5,4,Friday,False,7,2025,28
2025-07-12,mañana,3,5,Saturday,True,7,2025,28
2025-07-12,tarde,6,5,Saturday,True,7,2025,28
2025-07-13,mañana,3,6,Sunday,True,7,2025,28
2025-07-13,tarde,4,6,Sunday,True,7,2025,28
2025-07-14,mañana,0,0,Monday,False,7,2025,29
2025-07-14,tarde,4,0,Monday,False,7,2025,29
2025-07-15,mañana,0,1,Tuesday,False,7,2025,29
2025-07-15,tarde,2,1,Tuesday,False,7,2025,29
2025-07-16,mañana,2,2,Wednesday,False,7,2025,29
2025-07-16,tarde,4,2,Wednesday,False,7,2025,29
2025-07-17,mañana,2,3,Thursday,False,7,2025,29
2025-07-17,tarde,5,3,Thursday,False,7,2025,29
2025-07-18,mañana,2,4,Friday,False,7,2025,29
2025-07-18,tarde,6,4,Friday,False,7,2025,29
2025-07-19,mañana,3,5,Saturday,True,7,2025,29
2025-07-19,tarde,7,5,Saturday,True,7,2025,29
2025-07-20,mañana,5,6,Sunday,True,7,2025,29
2025-07-20,tarde,5,6,Sunday,True,7,2025,29
2025-07-21,mañana,1,0,Monday,False,7,2025,30
2025-07-21,tarde,5,0,Monday,False,7,2025,30
2025-07-22,mañana,1,1,Tuesday,False,7,2025,30
2025-07-22,tarde,3,1,Tuesday,False,7,2025,30
2025-07-23,mañana,0,2,Wednesday,False,7,2025,30
2025-07-23,tarde,3,2,Wednesday,False,7,2025,30
2025-07-24,mañana,1,3,Thursday,False,7,2025,30
2025-07-24,tarde,6,3,Thursday,False,7,2025,30
2025-07-25,mañana,2,4,Friday,False,7,2025,30
2025-07-25,tarde,6,4,Friday,False,7,2025,30
2025-07-26,mañana,6,5,Saturday,True,7,2025,30
2025-07-26,tarde,8,5,Saturday,True,7,2025,30
2025-07-27,mañana,4,6,Sunday,True,7,2025,30
2025-07-27,tarde,6,6,Sunday,True,7,2025,30
2025-07-28,mañana,2,0,Monday,False,7,2025,31
2025-07-28,tarde,7,0,Monday,False,7,2025,31
2025-07-29,mañana,1,1,Tuesday,False,7,2025,31
2025-07-29,tarde,2,1,Tuesday,False,7,2025,31
2025-07-30,mañana,3,2,Wednesday,False,7,2025,31
2025-07-30,tarde,2,2,Wednesday,False,7,2025,31
2025-07-31,mañana,2,3,Thursday,False,7,2025,31
2025-07-31,tarde,3,3,Thursday,False,7,2025,31
2025-08-01,mañana,3,4,Friday,False,8,2025,31
2025-08-01,tarde,4,4,Friday,False,8,2025,31
2025-08-02,mañana,3,5,Saturday,True,8,2025,31
2025-08-02,tarde,6,5,Saturday,True,8,2025,31
2025-08-03,mañana,3,6,Sunday,True,8,2025,31
2025-08-03,tarde,6,6,Sunday,True,8,2025,31
2025-08-04,mañana,0,0,Monday,False,8,2025,32
2025-08-04,tarde,3,0,Monday,False,8,2025,32
2025-08-05,mañana,1,1,Tuesday,False,8,2025,32
2025-08-05,tarde,3,1,Tuesday,False,8,2025,32
2025-08-06,mañana,2,2,Wednesday,False,8,2025,32
2025-08-06,tarde,7,2,Wednesday,False,8,2025,32
2025-08-07,mañana,0,3,Thursday,False,8,2025,32
2025-08-07,tarde,3,3,Thursday,False,8,2025,32
2025-08-08,mañana,4,4,Friday,False,8,2025,32
2025-08-08,tarde,4,4,Friday,False,8,2025,32
2025-08-09,mañana,6,5,Saturday,True,8,2025,32
2025-08-09,tarde,6,5,Saturday,True,8,2025,32
2025-08-10,mañana,5,6,Sunday,True,8,2025,32
2025-08-10,tarde,5,6,Sunday,True,8,2025,32
2025-08-11,mañana,2,0,Monday,False,8,2025,33
2025-08-11,tarde,3,0,Monday,False,8,2025,33
2025-08-12,mañana,3,1,Tuesday,False,8,2025,33
2025-08-12,tarde,3,1,Tuesday,False,8,2025,33
2025-08-13,mañana,0,2,Wednesday,False,8,2025,33
2025-08-13,tarde,6,2,Wednesday,False,8,2025,33
2025-08-14,mañana,2,3,Thursday,False,8,2025,33
2025-08-14,tarde,5,3,Thursday,False,8,2025,33
2025-08-15,mañana,2,4,Friday,False,8,2025,33
2025-08-15,tarde,5,4,Friday,False,8,2025,33
2025-08-16,mañana,6,5,Saturday,True,8,2025,33
2025-08-16,tarde,5,5,Saturday,True,8,2025,33
2025-08-17,mañana,0,6,Sunday,True,8,2025,33
2025-08-17,tarde,3,6,Sunday,True,8,2025,33
2025-08-18,mañana,3,0,Monday,False,8,2025,34
2025-08-18,tarde,5,0,Monday,False,8,2025,34
2025-08-19,mañana,1,1,Tuesday,False,8,2025,34
2025-08-19,tarde,4,1,Tuesday,False,8,2025,34
2025-08-20,mañana,1,2,Wednesday,False,8,2025,34
2025-08-20,tarde,5,2,Wednesday,False,8,2025,34
2025-08-21,mañana,2,3,Thursday,False,8,2025,34
2025-08-21,tarde,3,3,Thursday,False,8,2025,34
2025-08-22,mañana,0,4,Friday,False,8,2025,34
2025-08-22,tarde,5,4,Friday,False,8,2025,34
2025-08-23,mañana,4,5,Saturday,True,8,2025,34
2025-08-23,tarde,5,5,Saturday,True,8,2025,34
2025-08-24,mañana,5,6,Sunday,True,8,2025,34
2025-08-24,tarde,5,6,Sunday,True,8,2025,34
2025-08-25,mañana,1,0,Monday,False,8,2025,35
2025-08-25,tarde,4,0,Monday,False,8,2025,35
2025-08-26,mañana,0,1,Tuesday,False,8,2025,35
2025-08-26,tarde,2,1,Tuesday,False,8,2025,35
2025-08-27,mañana,3,2,Wednesday,False,8,2025,35
2025-08-27,tarde,2,2,Wednesday,False,8,2025,35
2025-08-28,mañana,4,3,Thursday,False,8,2025,35
2025-08-28,tarde,4,3,Thursday,False,8,2025,35
2025-08-29,mañana,1,4,Friday,False,8,2025,35
2025-08-29,tarde,3,4,Friday,False,8,2025,35
2025-08-30,mañana,4,5,Saturday,True,8,2025,35
2025-08-30,tarde,8,5,Saturday,True,8,2025,35
2025-08-31,mañana,6,6,Sunday,True,8,2025,35
2025-08-31,tarde,4,6,Sunday,True,8,2025,35
2025-09-01,mañana,1,0,Monday,False,9,2025,36
2025-09-01,tarde,2,0,Monday,False,9,2025,36
2025-09-02,mañana,2,1,Tuesday,False,9,2025,36
2025-09-02,tarde,2,1,Tuesday,False,9,2025,36
2025-09-03,mañana,0,2,Wednesday,False,9,2025,36
2025-09-03,tarde,3,2,Wednesday,False,9,2025,36
2025-09-04,mañana,1,3,Thursday,False,9,2025,36
2025-09-04,tarde,4,3,Thursday,False,9,2025,36
2025-09-05,mañana,3,4,Friday,False,9,2025,36
2025-09-05,tarde,4,4,Friday,False,9,2025,36
2025-09-06,mañana,6,5,Saturday,True,9,2025,36
2025-09-06,tarde,6,5,Saturday,True,9,2025,36
2025-09-07,mañana,7,6,Sunday,True,9,2025,36
2025-09-07,tarde,9,6,Sunday,True,9,2025,36
2025-09-08,mañana,1,0,Monday,False,9,2025,37
2025-09-08,tarde,0,0,Monday,False,9,2025,37
2025-09-09,mañana,3,1,Tuesday,False,9,2025,37
2025-09-09,tarde,3,1,Tuesday,False,9,2025,37
2025-09-10,mañana,1,2,Wednesday,False,9,2025,37
2025-09-10,tarde,4,2,Wednesday,False,9,2025,37
2025-09-11,mañana,2,3,Thursday,False,9,2025,37
2025-09-11,tarde,4,3,Thursday,False,9,2025,37
2025-09-12,mañana,2,4,Friday,False,9,2025,37
2025-09-12,tarde,7,4,Friday,False,9,2025,37
2025-09-13,mañana,8,5,Saturday,True,9,2025,37
2025-09-13,tarde,10,5,Saturday,True,9,2025,37
2025-09-14,mañana,8,6,Sunday,True,9,2025,37
2025-09-14,tarde,4,6,Sunday,True,9,2025,37
2025-09-15,mañana,0,0,Monday,False,9,2025,38
2025-09-15,tarde,5,0,Monday,False,9,2025,38
2025-09-16,mañana,7,1,Tuesday,False,9,2025,38
2025-09-16,tarde,2,1,Tuesday,False,9,2025,38
2025-09-17,mañana,2,2,Wednesday,False,9,2025,38
2025-09-17,tarde,6,2,Wednesday,False,9,2025,38
2025-09-18,mañana,2,3,Thursday,False,9,2025,38
2025-09-18,tarde,4,3,Thursday,False,9,2025,38
2025-09-19,mañana,3,4,Friday,False,9,2025,38
2025-09-19,tarde,7,4,Friday,False,9,2025,38
2025-09-20,mañana,7,5,Saturday,True,9,2025,38
2025-09-20,tarde,7,5,Saturday,True,9,2025,38
2025-09-21,mañana,8,6,Sunday,True,9,2025,38
2025-09-21,tarde,10,6,Sunday,True,9,2025,38
2025-09-22,mañana,1,0,Monday,False,9,2025,39
2025-09-22,tarde,2,0,Monday,False,9,2025,39
2025-09-23,mañana,4,1,Tuesday,False,9,2025,39
2025-09-23,tarde,5,1,Tuesday,False,9,2025,39
2025-09-24,mañana,7,2,Wednesday,False,9,2025,39
2025-09-24,tarde,4,2,Wednesday,False,9,2025,39
2025-09-25,mañana,2,3,Thursday,False,9,2025,39
2025-09-25,tarde,4,3,Thursday,False,9,2025,39
2025-09-26,mañana,0,4,Friday,False,9,2025,39
2025-09-26,tarde,8,4,Friday,False,9,2025,39
2025-09-27,mañana,9,5,Saturday,True,9,2025,39
2025-09-27,tarde,10,5,Saturday,True,9,2025,39
2025-09-28,mañana,4,6,Sunday,True,9,2025,39
2025-09-28,tarde,4,6,Sunday,True,9,2025,39
2025-09-29,mañana,3,0,Monday,False,9,2025,40
2025-09-29,tarde,4,0,Monday,False,9,2025,40
2025-09-30,mañana,1,1,Tuesday,False,9,2025,40
2025-09-30,tarde,5,1,Tuesday,False,9,2025,40
2025-10-01,mañana,4,2,Wednesday,False,10,2025,40
2025-10-01,tarde,1,2,Wednesday,False,10,2025,40
2025-10-02,mañana,2,3,Thursday,False,10,2025,40
2025-10-02,tarde,3,3,Thursday,False,10,2025,40
2025-10-03,mañana,5,4,Friday,False,10,2025,40
2025-10-03,tarde,5,4,Friday,False,10,2025,40
2025-10-04,mañana,6,5,Saturday,True,10,2025,40
2025-10-04,tarde,10,5,Saturday,True,10,2025,40
2025-10-05,mañana,4,6,Sunday,True,10,2025,40
2025-10-05,tarde,6,6,Sunday,True,10,2025,40
2025-10-06,mañana,2,0,Monday,False,10,2025,41
2025-10-06,tarde,4,0,Monday,False,10,2025,41
2025-10-07,mañana,2,1,Tuesday,False,10,2025,41
2025-10-07,tarde,2,1,Tuesday,False,10,2025,41
2025-10-08,mañana,4,2,Wednesday,False,10,2025,41
2025-10-08,tarde,6,2,Wednesday,False,10,2025,41
2025-10-09,mañana,1,3,Thursday,False,10,2025,41
2025-10-09,tarde,3,3,Thursday,False,10,2025,41
2025-10-10,mañana,2,4,Friday,False,10,2025,41
2025-10-10,tarde,7,4,Friday,False,10,2025,41
2025-10-11,mañana,8,5,Saturday,True,10,2025,41
2025-10-11,tarde,7,5,Saturday,True,10,2025,41
2025-10-12,mañana,4,6,Sunday,True,10,2025,41
2025-10-12,tarde,9,6,Sunday,True,10,2025,41
2025-10-13,mañana,7,0,Monday,False,10,2025,42
2025-10-13,tarde,5,0,Monday,False,10,2025,42
2025-10-14,mañana,2,1,Tuesday,False,10,2025,42
2025-10-14,tarde,5,1,Tuesday,False,10,2025,42
2025-10-15,mañana,3,2,Wednesday,False,10,2025,42
2025-10-15,tarde,8,2,Wednesday,False,10,2025,42
2025-10-16,mañana,2,3,Thursday,False,10,2025,42
2025-10-16,tarde,5,3,Thursday,False,10,2025,42
2025-10-17,mañana,3,4,Friday,False,10,2025,42
2025-10-17,tarde,9,4,Friday,False,10,2025,42
2025-10-18,mañana,7,5,Saturday,True,10,2025,42
2025-10-18,tarde,10,5,Saturday,True,10,2025,42
2025-10-19,mañana,4,6,Sunday,True,10,2025,42
2025-10-19,tarde,5,6,Sunday,True,10,2025,42
2025-10-20,mañana,6,0,Monday,False,10,2025,43
2025-10-20,tarde,3,0,Monday,False,10,2025,43
2025-10-21,mañana,0,1,Tuesday,False,10,2025,43
2025-10-21,tarde,7,1,Tuesday,False,10,2025,43
2025-10-22,mañana,2,2,Wednesday,False,10,2025,43
2025-10-22,tarde,3,2,Wednesday,False,10,2025,43
2025-10-23,mañana,6,3,Thursday,False,10,2025,43
2025-10-23,tarde,3,3,Thursday,False,10,2025,43
2025-10-24,mañana,2,4,Friday,False,10,2025,43
2025-10-24,tarde,5,4,Friday,False,10,2025,43
2025-10-25,mañana,5,5,Saturday,True,10,2025,43
2025-10-25,tarde,13,5,Saturday,True,10,2025,43
2025-10-26,mañana,6,6,Sunday,True,10,2025,43
2025-10-26,tarde,11,6,Sunday,True,10,2025,43
2025-10-27,mañana,3,0,Monday,False,10,2025,44
2025-10-27,tarde,2,0,Monday,False,10,2025,44
2025-10-28,mañana,1,1,Tuesday,False,10,2025,44
2025-10-28,tarde,4,1,Tuesday,False,10,2025,44
2025-10-29,mañana,8,2,Wednesday,False,10,2025,44
2025-10-29,tarde,11,2,Wednesday,False,10,2025,44
2025-10-30,mañana,3,3,Thursday,False,10,2025,44
2025-10-30,tarde,11,3,Thursday,False,10,2025,44
2025-10-31,mañana,2,4,Friday,False,10,2025,44
2025-10-31,tarde,9,4,Friday,False,10,2025,44
2025-11-01,mañana,4,5,Saturday,True,11,2025,44
2025-11-01,tarde,15,5,Saturday,True,11,2025,44
2025-11-02,mañana,10,6,Sunday,True,11,2025,44
2025-11-02,tarde,6,6,Sunday,True,11,2025,44
2025-11-03,mañana,1,0,Monday,False,11,2025,45
2025-11-03,tarde,5,0,Monday,False,11,2025,45
2025-11-04,mañana,0,1,Tuesday,False,11,2025,45
2025-11-04,tarde,1,1,Tuesday,False,11,2025,45
2025-11-05,mañana,3,2,Wednesday,False,11,2025,45
2025-11-05,tarde,3,2,Wednesday,False,11,2025,45
2025-11-06,mañana,2,3,Thursday,False,11,2025,45
2025-11-06,tarde,5,3,Thursday,False,11,2025,45
2025-11-07,mañana,3,4,Friday,False,11,2025,45
2025-11-07,tarde,9,4,Friday,False,11,2025,45
2025-11-08,mañana,4,5,Saturday,True,11,2025,45
2025-11-08,tarde,6,5,Saturday,True,11,2025,45
2025-11-09,mañana,6,6,Sunday,True,11,2025,45
2025-11-09,tarde,9,6,Sunday,True,11,2025,45
2025-11-10,mañana,4,0,Monday,False,11,2025,46
2025-11-10,tarde,2,0,Monday,False,11,2025,46
2025-11-11,mañana,1,1,Tuesday,False,11,2025,46
2025-11-11,tarde,2,1,Tuesday,False,11,2025,46
2025-11-12,mañana,2,2,Wednesday,False,11,2025,46
2025-11-12,tarde,6,2,Wednesday,False,11,2025,46
2025-11-13,mañana,1,3,Thursday,False,11,2025,46
2025-11-13,tarde,3,3,Thursday,False,11,2025,46
2025-11-14,mañana,6,4,Friday,False,11,2025,46
2025-11-14,tarde,10,4,Friday,False,11,2025,46
2025-11-15,mañana,9,5,Saturday,True,11,2025,46
2025-11-15,tarde,10,5,Saturday,True,11,2025,46
2025-11-16,mañana,7,6,Sunday,True,11,2025,46
2025-11-16,tarde,10,6,Sunday,True,11,2025,46
2025-11-17,mañana,0,0,Monday,False,11,2025,47
2025-11-17,tarde,0,0,Monday,False,11,2025,47
2025-11-18,mañana,0,1,Tuesday,False,11,2025,47
2025-11-18,tarde,0,1,Tuesday,False,11,2025,47
2025-11-19,mañana,0,2,Wednesday,False,11,2025,47
2025-11-19,tarde,0,2,Wednesday,False,11,2025,47
2025-11-20,mañana,1,3,Thursday,False,11,2025,47
2025-11-20,tarde,3,3,Thursday,False,11,2025,47
2025-11-21,mañana,3,4,Friday,False,11,2025,47
2025-11-21,tarde,8,4,Friday,False,11,2025,47
2025-11-22,mañana,7,5,Saturday,True,11,2025,47
2025-11-22,tarde,9,5,Saturday,True,11,2025,47
2025-11-23,mañana,6,6,Sunday,True,11,2025,47
2025-11-23,tarde,4,6,Sunday,True,11,2025,47
2025-11-24,mañana,0,0,Monday,False,11,2025,48
2025-11-24,tarde,2,0,Monday,False,11,2025,48
2025-11-25,mañana,0,1,Tuesday,False,11,2025,48
2025-11-25,tarde,4,1,Tuesday,False,11,2025,48
2025-11-26,mañana,3,2,Wednesday,False,11,2025,48
2025-11-26,tarde,3,2,Wednesday,False,11,2025,48
2025-11-27,mañana,0,3,Thursday,False,11,2025,48
2025-11-27,tarde,2,3,Thursday,False,11,2025,48
2025-11-28,mañana,2,4,Friday,False,11,2025,48
2025-11-28,tarde,7,4,Friday,False,11,2025,48
2025-11-29,mañana,6,5,Saturday,True,11,2025,48
2025-11-29,tarde,3,5,Saturday,True,11,2025,48
2025-11-30,mañana,1,6,Sunday,True,11,2025,48
2025-11-30,tarde,6,6,Sunday,True,11,2025,48
2025-12-01,mañana,1,0,Monday,False,12,2025,49
2025-12-01,tarde,2,0,Monday,False,12,2025,49
2025-12-02,mañana,2,1,Tuesday,False,12,2025,49
2025-12-02,tarde,1,1,Tuesday,False,12,2025,49
2025-12-03,mañana,2,2,Wednesday,False,12,2025,49
2025-12-03,tarde,3,2,Wednesday,False,12,2025,49
2025-12-04,mañana,3,3,Thursday,False,12,2025,49
2025-12-04,tarde,2,3,Thursday,False,12,2025,49
2025-12-05,mañana,1,4,Friday,False,12,2025,49
2025-12-05,tarde,5,4,Friday,False,12,2025,49
2025-12-06,mañana,8,5,Saturday,True,12,2025,49
2025-12-06,tarde,5,5,Saturday,True,12,2025,49
2025-12-07,mañana,3,6,Sunday,True,12,2025,49
2025-12-07,tarde,4,6,Sunday,True,12,2025,49
2025-12-08,mañana,4,0,Monday,False,12,2025,50
2025-12-08,tarde,4,0,Monday,False,12,2025,50
2025-12-09,mañana,1,1,Tuesday,False,12,2025,50
2025-12-09,tarde,2,1,Tuesday,False,12,2025,50
2025-12-10,mañana,2,2,Wednesday,False,12,2025,50
2025-12-10,tarde,2,2,Wednesday,False,12,2025,50
2025-12-11,mañana,1,3,Thursday,False,12,2025,50
2025-12-11,tarde,3,3,Thursday,False,12,2025,50
2025-12-12,mañana,3,4,Friday,False,12,2025,50
2025-12-12,tarde,7,4,Friday,False,12,2025,50
2025-12-13,mañana,2,5,Saturday,True,12,2025,50
2025-12-13,tarde,7,5,Saturday,True,12,2025,50
2025-12-14,mañana,3,6,Sunday,True,12,2025,50
2025-12-14,tarde,4,6,Sunday,True,12,2025,50
2025-12-15,mañana,0,0,Monday,False,12,2025,51
2025-12-15,tarde,3,0,Monday,False,12,2025,51
2025-12-16,mañana,3,1,Tuesday,False,12,2025,51
2025-12-16,tarde,1,1,Tuesday,False,12,2025,51
2025-12-17,mañana,3,2,Wednesday,False,12,2025,51
2025-12-17,tarde,1,2,Wednesday,False,12,2025,51
2025-12-18,mañana,0,3,Thursday,False,12,2025,51
2025-12-18,tarde,2,3,Thursday,False,12,2025,51
2025-12-19,mañana,2,4,Friday,False,12,2025,51
2025-12-19,tarde,5,4,Friday,False,12,2025,51
2025-12-20,mañana,7,5,Saturday,True,12,2025,51
2025-12-20,tarde,8,5,Saturday,True,12,2025,51
2025-12-21,mañana,3,6,Sunday,True,12,2025,51
2025-12-21,tarde,5,6,Sunday,True,12,2025,51
2025-12-22,mañana,5,0,Monday,False,12,2025,52
2025-12-22,tarde,6,0,Monday,False,12,2025,52
2025-12-23,mañana,3,1,Tuesday,False,12,2025,52
2025-12-23,tarde,6,1,Tuesday,False,12,2025,52
2025-12-24,mañana,2,2,Wednesday,False,12,2025,52
2025-12-24,tarde,2,2,Wednesday,False,12,2025,52
2025-12-25,mañana,0,3,Thursday,False,12,2025,52
2025-12-25,tarde,0,3,Thursday,False,12,2025,52
2025-12-26,mañana,5,4,Friday,False,12,2025,52
2025-12-26,tarde,9,4,Friday,False,12,2025,52
2025-12-27,mañana,6,5,Saturday,True,12,2025,52
2025-12-27,tarde,11,5,Saturday,True,12,2025,52
2025-12-28,mañana,5,6,Sunday,True,12,2025,52
2025-12-28,tarde,4,6,Sunday,True,12,2025,52
2025-12-29,mañana,3,0,Monday,False,12,2025,1
2025-12-29,tarde,9,0,Monday,False,12,2025,1
2025-12-30,mañana,9,1,Tuesday,False,12,2025,1
2025-12-30,tarde,3,1,Tuesday,False,12,2025,1
2025-12-31,mañana,0,2,Wednesday,False,12,2025,1
2025-12-31,tarde,5,2,Wednesday,False,12,2025,1
2026-01-01,mañana,0,3,Thursday,False,1,2026,1
2026-01-01,tarde,0,3,Thursday,False,1,2026,1
2026-01-02,mañana,3,4,Friday,False,1,2026,1
2026-01-02,tarde,8,4,Friday,False,1,2026,1
2026-01-03,mañana,6,5,Saturday,True,1,2026,1
2026-01-03,tarde,4,5,Saturday,True,1,2026,1
2026-01-04,mañana,8,6,Sunday,True,1,2026,1
2026-01-04,tarde,12,6,Sunday,True,1,2026,1
2026-01-05,mañana,2,0,Monday,False,1,2026,2
2026-01-05,tarde,1,0,Monday,False,1,2026,2
2026-01-06,mañana,0,1,Tuesday,False,1,2026,2
2026-01-06,tarde,0,1,Tuesday,False,1,2026,2
2026-01-07,mañana,5,2,Wednesday,False,1,2026,2
2026-01-07,tarde,5,2,Wednesday,False,1,2026,2
2026-01-08,mañana,2,3,Thursday,False,1,2026,2
2026-01-08,tarde,4,3,Thursday,False,1,2026,2
2026-01-09,mañana,4,4,Friday,False,1,2026,2
2026-01-09,tarde,6,4,Friday,False,1,2026,2
2026-01-10,mañana,6,5,Saturday,True,1,2026,2
2026-01-10,tarde,12,5,Saturday,True,1,2026,2
2026-01-11,mañana,8,6,Sunday,True,1,2026,2
2026-01-11,tarde,8,6,Sunday,True,1,2026,2
2026-01-12,mañana,0,0,Monday,False,1,2026,3
2026-01-12,tarde,5,0,Monday,False,1,2026,3
2026-01-13,mañana,3,1,Tuesday,False,1,2026,3
2026-01-13,tarde,3,1,Tuesday,False,1,2026,3
2026-01-14,mañana,4,2,Wednesday,False,1,2026,3
2026-01-14,tarde,3,2,Wednesday,False,1,2026,3
2026-01-15,mañana,4,3,Thursday,False,1,2026,3
2026-01-15,tarde,1,3,Thursday,False,1,2026,3
2026-01-16,mañana,5,4,Friday,False,1,2026,3
2026-01-16,tarde,11,4,Friday,False,1,2026,3
2026-01-17,mañana,8,5,Saturday,True,1,2026,3
2026-01-17,tarde,8,5,Saturday,True,1,2026,3
2026-01-18,mañana,7,6,Sunday,True,1,2026,3
2026-01-18,tarde,8,6,Sunday,True,1,2026,3
2026-01-19,mañana,2,0,Monday,False,1,2026,4
2026-01-19,tarde,4,0,Monday,False,1,2026,4
2026-01-20,mañana,2,1,Tuesday,False,1,2026,4
2026-01-20,tarde,2,1,Tuesday,False,1,2026,4
2026-01-21,mañana,2,2,Wednesday,False,1,2026,4
2026-01-21,tarde,2,2,Wednesday,False,1,2026,4
2026-01-22,mañana,0,3,Thursday,False,1,2026,4
2026-01-22,tarde,3,3,Thursday,False,1,2026,4
2026-01-23,mañana,3,4,Friday,False,1,2026,4
2026-01-23,tarde,7,4,Friday,False,1,2026,4
2026-01-24,mañana,8,5,Saturday,True,1,2026,4
2026-01-24,tarde,12,5,Saturday,True,1,2026,4
2026-01-25,mañana,7,6,Sunday,True,1,2026,4
2026-01-25,tarde,6,6,Sunday,True,1,2026,4
2026-01-26,mañana,2,0,Monday,False,1,2026,5
2026-01-26,tarde,6,0,Monday,False,1,2026,5
2026-01-27,mañana,3,1,Tuesday,False,1,2026,5
2026-01-27,tarde,7,1,Tuesday,False,1,2026,5
2026-01-28,mañana,3,2,Wednesday,False,1,2026,5
2026-01-28,tarde,8,2,Wednesday,False,1,2026,5
2026-01-29,mañana,3,3,Thursday,False,1,2026,5
2026-01-29,tarde,4,3,Thursday,False,1,2026,5
2026-01-30,mañana,5,4,Friday,False,1,2026,5
2026-01-30,tarde,9,4,Friday,False,1,2026,5
2026-01-31,mañana,7,5,Saturday,True,1,2026,5
2026-01-31,tarde,8,5,Saturday,True,1,2026,5
2026-02-01,mañana,9,6,Sunday,True,2,2026,5
2026-02-01,tarde,9,6,Sunday,True,2,2026,5
2026-02-02,mañana,0,0,Monday,False,2,2026,6
2026-02-02,tarde,5,0,Monday,False,2,2026,6
2026-02-03,mañana,3,1,Tuesday,False,2,2026,6
2026-02-03,tarde,4,1,Tuesday,False,2,2026,6
2026-02-04,mañana,2,2,Wednesday,False,2,2026,6
2026-02-04,tarde,11,2,Wednesday,False,2,2026,6
2026-02-05,mañana,3,3,Thursday,False,2,2026,6
2026-02-05,tarde,6,3,Thursday,False,2,2026,6
2026-02-06,mañana,3,4,Friday,False,2,2026,6
2026-02-06,tarde,12,4,Friday,False,2,2026,6
2026-02-07,mañana,4,5,Saturday,True,2,2026,6
2026-02-07,tarde,14,5,Saturday,True,2,2026,6
2026-02-08,mañana,6,6,Sunday,True,2,2026,6
2026-02-08,tarde,10,6,Sunday,True,2,2026,6
2026-02-09,mañana,1,0,Monday,False,2,2026,7
2026-02-09,tarde,7,0,Monday,False,2,2026,7
2026-02-10,mañana,2,1,Tuesday,False,2,2026,7
2026-02-10,tarde,6,1,Tuesday,False,2,2026,7
2026-02-11,mañana,1,2,Wednesday,False,2,2026,7
2026-02-11,tarde,2,2,Wednesday,False,2,2026,7
2026-02-12,mañana,3,3,Thursday,False,2,2026,7
2026-02-12,tarde,7,3,Thursday,False,2,2026,7
2026-02-13,mañana,5,4,Friday,False,2,2026,7
2026-02-13,tarde,16,4,Friday,False,2,2026,7
2026-02-14,mañana,10,5,Saturday,True,2,2026,7
2026-02-14,tarde,20,5,Saturday,True,2,2026,7
2026-02-15,mañana,8,6,Sunday,True,2,2026,7
2026-02-15,tarde,15,6,Sunday,True,2,2026,7
2026-02-16,mañana,7,0,Monday,False,2,2026,8
2026-02-16,tarde,6,0,Monday,False,2,2026,8
2026-02-17,mañana,2,1,Tuesday,False,2,2026,8
2026-02-17,tarde,5,1,Tuesday,False,2,2026,8
2026-02-18,mañana,3,2,Wednesday,False,2,2026,8
2026-02-18,tarde,8,2,Wednesday,False,2,2026,8
2026-02-19,mañana,4,3,Thursday,False,2,2026,8
2026-02-19,tarde,5,3,Thursday,False,2,2026,8
2026-02-20,mañana,6,4,Friday,False,2,2026,8
2026-02-20,tarde,13,4,Friday,False,2,2026,8
2026-02-21,mañana,7,5,Saturday,True,2,2026,8
2026-02-21,tarde,7,5,Saturday,True,2,2026,8
2026-02-22,mañana,7,6,Sunday,True,2,2026,8
2026-02-22,tarde,12,6,Sunday,True,2,2026,8
2026-02-23,mañana,4,0,Monday,False,2,2026,9
2026-02-23,tarde,3,0,Monday,False,2,2026,9
2026-02-24,mañana,1,1,Tuesday,False,2,2026,9
2026-02-24,tarde,5,1,Tuesday,False,2,2026,9
2026-02-25,mañana,1,2,Wednesday,False,2,2026,9
2026-02-25,tarde,5,2,Wednesday,False,2,2026,9
2026-02-26,mañana,6,3,Thursday,False,2,2026,9
2026-02-26,tarde,6,3,Thursday,False,2,2026,9
2026-02-27,mañana,4,4,Friday,False,2,2026,9
2026-02-27,tarde,7,4,Friday,False,2,2026,9
2026-02-28,mañana,8,5,Saturday,True,2,2026,9
2026-02-28,tarde,10,5,Saturday,True,2,2026,9
2026-03-01,mañana,5,6,Sunday,True,3,2026,9
2026-03-01,tarde,8,6,Sunday,True,3,2026,9
2026-03-02,mañana,0,0,Monday,False,3,2026,10
2026-03-02,tarde,3,0,Monday,False,3,2026,10
2026-03-03,mañana,4,1,Tuesday,False,3,2026,10
2026-03-03,tarde,5,1,Tuesday,False,3,2026,10
2026-03-04,mañana,4,2,Wednesday,False,3,2026,10
2026-03-04,tarde,4,2,Wednesday,False,3,2026,10
2026-03-05,mañana,4,3,Thursday,False,3,2026,10
2026-03-05,tarde,7,3,Thursday,False,3,2026,10
2026-03-06,mañana,6,4,Friday,False,3,2026,10
2026-03-06,tarde,8,4,Friday,False,3,2026,10
2026-03-07,mañana,8,5,Saturday,True,3,2026,10
2026-03-07,tarde,15,5,Saturday,True,3,2026,10
2026-03-08,mañana,6,6,Sunday,True,3,2026,10
2026-03-08,tarde,9,6,Sunday,True,3,2026,10
2026-03-09,mañana,3,0,Monday,False,3,2026,11
2026-03-09,tarde,7,0,Monday,False,3,2026,11
2026-03-10,mañana,3,1,Tuesday,False,3,2026,11
2026-03-10,tarde,2,1,Tuesday,False,3,2026,11
2026-03-11,mañana,4,2,Wednesday,False,3,2026,11
2026-03-11,tarde,1,2,Wednesday,False,3,2026,11
2026-03-12,mañana,5,3,Thursday,False,3,2026,11
2026-03-12,tarde,3,3,Thursday,False,3,2026,11
2026-03-13,mañana,5,4,Friday,False,3,2026,11
2026-03-13,tarde,5,4,Friday,False,3,2026,11
2026-03-14,mañana,11,5,Saturday,True,3,2026,11
2026-03-14,tarde,12,5,Saturday,True,3,2026,11
2026-03-15,mañana,7,6,Sunday,True,3,2026,11
2026-03-15,tarde,8,6,Sunday,True,3,2026,11
2026-03-16,mañana,5,0,Monday,False,3,2026,12
2026-03-16,tarde,4,0,Monday,False,3,2026,12
2026-03-17,mañana,6,1,Tuesday,False,3,2026,12
2026-03-17,tarde,6,1,Tuesday,False,3,2026,12
2026-03-18,mañana,4,2,Wednesday,False,3,2026,12
2026-03-18,tarde,7,2,Wednesday,False,3,2026,12
2026-03-19,mañana,5,3,Thursday,False,3,2026,12
2026-03-19,tarde,5,3,Thursday,False,3,2026,12
2026-03-20,mañana,2,4,Friday,False,3,2026,12
2026-03-20,tarde,11,4,Friday,False,3,2026,12
2026-03-21,mañana,6,5,Saturday,True,3,2026,12
2026-03-21,tarde,8,5,Saturday,True,3,2026,12
2026-03-22,mañana,6,6,Sunday,True,3,2026,12
2026-03-22,tarde,9,6,Sunday,True,3,2026,12
2026-03-23,mañana,4,0,Monday,False,3,2026,13
2026-03-23,tarde,4,0,Monday,False,3,2026,13
2026-03-24,mañana,3,1,Tuesday,False,3,2026,13
2026-03-24,tarde,2,1,Tuesday,False,3,2026,13
2026-03-25,mañana,2,2,Wednesday,False,3,2026,13
2026-03-25,tarde,3,2,Wednesday,False,3,2026,13
2026-03-26,mañana,0,3,Thursday,False,3,2026,13
2026-03-26,tarde,2,3,Thursday,False,3,2026,13
2026-03-27,mañana,4,4,Friday,False,3,2026,13
2026-03-27,tarde,4,4,Friday,False,3,2026,13
2026-03-28,mañana,14,5,Saturday,True,3,2026,13
2026-03-28,tarde,4,5,Saturday,True,3,2026,13
2026-03-29,mañana,6,6,Sunday,True,3,2026,13
2026-03-29,tarde,3,6,Sunday,True,3,2026,13
2026-03-30,mañana,2,0,Monday,False,3,2026,14
2026-03-30,tarde,3,0,Monday,False,3,2026,14
2026-03-31,mañana,3,1,Tuesday,False,3,2026,14
2026-03-31,tarde,4,1,Tuesday,False,3,2026,14
2026-04-01,mañana,1,2,Wednesday,False,4,2026,14
2026-04-01,tarde,5,2,Wednesday,False,4,2026,14
2026-04-02,mañana,0,3,Thursday,False,4,2026,14
2026-04-02,tarde,1,3,Thursday,False,4,2026,14
2026-04-03,mañana,1,4,Friday,False,4,2026,14
2026-04-03,tarde,3,4,Friday,False,4,2026,14
2026-04-04,mañana,6,5,Saturday,True,4,2026,14
2026-04-04,tarde,7,5,Saturday,True,4,2026,14
2026-04-05,mañana,5,6,Sunday,True,4,2026,14
2026-04-05,tarde,1,6,Sunday,True,4,2026,14
2026-04-06,mañana,2,0,Monday,False,4,2026,15
2026-04-06,tarde,2,0,Monday,False,4,2026,15
2026-04-07,mañana,0,1,Tuesday,False,4,2026,15
2026-04-07,tarde,3,1,Tuesday,False,4,2026,15
2026-04-08,mañana,4,2,Wednesday,False,4,2026,15
2026-04-08,tarde,9,2,Wednesday,False,4,2026,15
2026-04-09,mañana,2,3,Thursday,False,4,2026,15
2026-04-09,tarde,3,3,Thursday,False,4,2026,15
2026-04-10,mañana,2,4,Friday,False,4,2026,15
2026-04-10,tarde,8,4,Friday,False,4,2026,15
2026-04-11,mañana,7,5,Saturday,True,4,2026,15
2026-04-11,tarde,13,5,Saturday,True,4,2026,15
2026-04-12,mañana,5,6,Sunday,True,4,2026,15
2026-04-12,tarde,9,6,Sunday,True,4,2026,15
2026-04-13,mañana,6,0,Monday,False,4,2026,16
2026-04-13,tarde,5,0,Monday,False,4,2026,16
2026-04-14,mañana,1,1,Tuesday,False,4,2026,16
2026-04-14,tarde,4,1,Tuesday,False,4,2026,16
2026-04-15,mañana,2,2,Wednesday,False,4,2026,16
2026-04-15,tarde,5,2,Wednesday,False,4,2026,16
2026-04-16,mañana,1,3,Thursday,False,4,2026,16
2026-04-16,tarde,2,3,Thursday,False,4,2026,16
2026-04-17,mañana,1,4,Friday,False,4,2026,16
2026-04-17,tarde,5,4,Friday,False,4,2026,16
2026-04-18,mañana,6,5,Saturday,True,4,2026,16
2026-04-18,tarde,12,5,Saturday,True,4,2026,16
2026-04-19,mañana,9,6,Sunday,True,4,2026,16
2026-04-19,tarde,3,6,Sunday,True,4,2026,16
2026-04-20,mañana,3,0,Monday,False,4,2026,17
2026-04-20,tarde,0,0,Monday,False,4,2026,17
2026-04-21,mañana,1,1,Tuesday,False,4,2026,17
2026-04-21,tarde,1,1,Tuesday,False,4,2026,17
2026-04-22,mañana,2,2,Wednesday,False,4,2026,17
2026-04-22,tarde,4,2,Wednesday,False,4,2026,17
2026-04-23,mañana,0,3,Thursday,False,4,2026,17
2026-04-23,tarde,2,3,Thursday,False,4,2026,17
2026-04-24,mañana,0,4,Friday,False,4,2026,17
2026-04-24,tarde,6,4,Friday,False,4,2026,17
2026-04-25,mañana,3,5,Saturday,True,4,2026,17
2026-04-25,tarde,7,5,Saturday,True,4,2026,17
2026-04-26,mañana,4,6,Sunday,True,4,2026,17
2026-04-26,tarde,8,6,Sunday,True,4,2026,17
2026-04-27,mañana,4,0,Monday,False,4,2026,18
2026-04-27,tarde,3,0,Monday,False,4,2026,18
2026-04-28,mañana,3,1,Tuesday,False,4,2026,18
2026-04-28,tarde,7,1,Tuesday,False,4,2026,18
2026-04-29,mañana,3,2,Wednesday,False,4,2026,18
2026-04-29,tarde,6,2,Wednesday,False,4,2026,18
2026-04-30,mañana,0,3,Thursday,False,4,2026,18
2026-04-30,tarde,9,3,Thursday,False,4,2026,18
2026-05-01,mañana,8,4,Friday,False,5,2026,18
2026-05-01,tarde,8,4,Friday,False,5,2026,18
2026-05-02,mañana,5,5,Saturday,True,5,2026,18
2026-05-02,tarde,13,5,Saturday,True,5,2026,18
2026-05-03,mañana,9,6,Sunday,True,5,2026,18
2026-05-03,tarde,10,6,Sunday,True,5,2026,18
2026-05-04,mañana,8,0,Monday,False,5,2026,19
2026-05-04,tarde,4,0,Monday,False,5,2026,19
2026-05-05,mañana,1,1,Tuesday,False,5,2026,19
2026-05-05,tarde,3,1,Tuesday,False,5,2026,19
2026-05-06,mañana,3,2,Wednesday,False,5,2026,19
2026-05-06,tarde,5,2,Wednesday,False,5,2026,19
2026-05-07,mañana,1,3,Thursday,False,5,2026,19
2026-05-07,tarde,5,3,Thursday,False,5,2026,19
2026-05-08,mañana,2,4,Friday,False,5,2026,19
2026-05-08,tarde,5,4,Friday,False,5,2026,19
2026-05-09,mañana,5,5,Saturday,True,5,2026,19
2026-05-09,tarde,9,5,Saturday,True,5,2026,19
2026-05-10,mañana,6,6,Sunday,True,5,2026,19
2026-05-10,tarde,9,6,Sunday,True,5,2026,19
2026-05-11,mañana,5,0,Monday,False,5,2026,20
2026-05-11,tarde,3,0,Monday,False,5,2026,20
2026-05-12,mañana,1,1,Tuesday,False,5,2026,20
2026-05-12,tarde,6,1,Tuesday,False,5,2026,20
2026-05-13,mañana,3,2,Wednesday,False,5,2026,20
2026-05-13,tarde,2,2,Wednesday,False,5,2026,20
2026-05-14,mañana,2,3,Thursday,False,5,2026,20
2026-05-14,tarde,7,3,Thursday,False,5,2026,20
2026-05-15,mañana,3,4,Friday,False,5,2026,20
2026-05-15,tarde,12,4,Friday,False,5,2026,20
2026-05-16,mañana,7,5,Saturday,True,5,2026,20
2026-05-16,tarde,10,5,Saturday,True,5,2026,20
2026-05-17,mañana,4,6,Sunday,True,5,2026,20
2026-05-17,tarde,8,6,Sunday,True,5,2026,20
2026-05-18,mañana,1,0,Monday,False,5,2026,21
2026-05-18,tarde,4,0,Monday,False,5,2026,21
2026-05-19,mañana,2,1,Tuesday,False,5,2026,21
2026-05-19,tarde,1,1,Tuesday,False,5,2026,21
2026-05-20,mañana,3,2,Wednesday,False,5,2026,21
2026-05-20,tarde,6,2,Wednesday,False,5,2026,21
2026-05-21,mañana,3,3,Thursday,False,5,2026,21
2026-05-21,tarde,9,3,Thursday,False,5,2026,21
2026-05-22,mañana,2,4,Friday,False,5,2026,21
2026-05-22,tarde,9,4,Friday,False,5,2026,21
2026-05-23,mañana,6,5,Saturday,True,5,2026,21
2026-05-23,tarde,10,5,Saturday,True,5,2026,21
2026-05-24,mañana,8,6,Sunday,True,5,2026,21
2026-05-24,tarde,4,6,Sunday,True,5,2026,21
2026-05-25,mañana,4,0,Monday,False,5,2026,22
2026-05-25,tarde,4,0,Monday,False,5,2026,22
2026-05-26,mañana,3,1,Tuesday,False,5,2026,22
2026-05-26,tarde,5,1,Tuesday,False,5,2026,22
2026-05-27,mañana,4,2,Wednesday,False,5,2026,22
2026-05-27,tarde,5,2,Wednesday,False,5,2026,22
2026-05-28,mañana,3,3,Thursday,False,5,2026,22
2026-05-28,tarde,3,3,Thursday,False,5,2026,22
2026-05-29,mañana,3,4,Friday,False,5,2026,22
2026-05-29,tarde,10,4,Friday,False,5,2026,22
2026-05-30,mañana,5,5,Saturday,True,5,2026,22
2026-05-30,tarde,9,5,Saturday,True,5,2026,22
2026-05-31,mañana,13,6,Sunday,True,5,2026,22
2026-05-31,tarde,7,6,Sunday,True,5,2026,22
2026-06-01,mañana,2,0,Monday,False,6,2026,23
2026-06-01,tarde,3,0,Monday,False,6,2026,23
2026-06-02,mañana,3,1,Tuesday,False,6,2026,23
2026-06-02,tarde,2,1,Tuesday,False,6,2026,23
2026-06-03,mañana,0,2,Wednesday,False,6,2026,23
2026-06-03,tarde,4,2,Wednesday,False,6,2026,23
2026-06-04,mañana,5,3,Thursday,False,6,2026,23
2026-06-04,tarde,12,3,Thursday,False,6,2026,23
2026-06-05,mañana,4,4,Friday,False,6,2026,23
2026-06-05,tarde,6,4,Friday,False,6,2026,23
2026-06-06,mañana,3,5,Saturday,True,6,2026,23
2026-06-06,tarde,9,5,Saturday,True,6,2026,23
2026-06-07,mañana,9,6,Sunday,True,6,2026,23
2026-06-07,tarde,3,6,Sunday,True,6,2026,23
2026-06-08,mañana,0,0,Monday,False,6,2026,24
2026-06-08,tarde,3,0,Monday,False,6,2026,24
2026-06-09,mañana,3,1,Tuesday,False,6,2026,24
2026-06-09,tarde,1,1,Tuesday,False,6,2026,24
2026-06-10,mañana,3,2,Wednesday,False,6,2026,24
2026-06-10,tarde,3,2,Wednesday,False,6,2026,24
2026-06-11,mañana,0,3,Thursday,False,6,2026,24
2026-06-11,tarde,8,3,Thursday,False,6,2026,24
2026-06-12,mañana,4,4,Friday,False,6,2026,24
2026-06-12,tarde,12,4,Friday,False,6,2026,24
2026-06-13,mañana,8,5,Saturday,True,6,2026,24
2026-06-13,tarde,10,5,Saturday,True,6,2026,24
2026-06-14,mañana,6,6,Sunday,True,6,2026,24
2026-06-14,tarde,8,6,Sunday,True,6,2026,24
2026-06-15,mañana,4,0,Monday,False,6,2026,25
2026-06-15,tarde,5,0,Monday,False,6,2026,25
2026-06-16,mañana,1,1,Tuesday,False,6,2026,25
2026-06-16,tarde,4,1,Tuesday,False,6,2026,25
2026-06-17,mañana,1,2,Wednesday,False,6,2026,25
2026-06-17,tarde,7,2,Wednesday,False,6,2026,25
2026-06-18,mañana,3,3,Thursday,False,6,2026,25
2026-06-18,tarde,5,3,Thursday,False,6,2026,25
2026-06-19,mañana,4,4,Friday,False,6,2026,25
2026-06-19,tarde,7,4,Friday,False,6,2026,25
2026-06-20,mañana,8,5,Saturday,True,6,2026,25
2026-06-20,tarde,9,5,Saturday,True,6,2026,25
2026-06-21,mañana,10,6,Sunday,True,6,2026,25
2026-06-21,tarde,5,6,Sunday,True,6,2026,25
2026-06-22,mañana,1,0,Monday,False,6,2026,26
2026-06-22,tarde,3,0,Monday,False,6,2026,26
2026-06-23,mañana,0,1,Tuesday,False,6,2026,26
2026-06-23,tarde,7,1,Tuesday,False,6,2026,26
2026-06-24,mañana,0,2,Wednesday,False,6,2026,26
2026-06-24,tarde,5,2,Wednesday,False,6,2026,26
2026-06-25,mañana,1,3,Thursday,False,6,2026,26
2026-06-25,tarde,9,3,Thursday,False,6,2026,26
2026-06-26,mañana,1,4,Friday,False,6,2026,26
2026-06-26,tarde,7,4,Friday,False,6,2026,26
2026-06-27,mañana,9,5,Saturday,True,6,2026,26
2026-06-27,tarde,7,5,Saturday,True,6,2026,26
2026-06-28,mañana,6,6,Sunday,True,6,2026,26
2026-06-28,tarde,7,6,Sunday,True,6,2026,26
2026-06-29,mañana,3,0,Monday,False,6,2026,27
2026-06-29,tarde,6,0,Monday,False,6,2026,27
2026-06-30,mañana,2,1,Tuesday,False,6,2026,27
2026-06-30,tarde,4,1,Tuesday,False,6,2026,27
